index;month;noticias_suicidio;media_sentimiento_noticias;sentiment_analysis_score;mes;descrip;suicidios;Menores_de_15_anos;De_15_a_29_anos;De_30_a_39_anos;De_40_a_44_anos;De_45_a_49_anos;De_50_a_54_anos;De_55_a_59_anos;De_60_a_64_anos;De_65_a_69_anos;De_70_a_74_anos;De_75_a_79_anos;De_80_a_84_anos;De_85_a_89_anos;De_90_a_94_anos;De_95_anos_y_mns;Unnamed:_18
;2002-01-01;134;-0.015447761194029859;-12.201492537313433;;;;;;;;;;;;;;;;;;;
;2002-02-01;150;-0.010066666666666668;-7.9;;;;;;;;;;;;;;;;;;;
;2002-03-01;155;-0.018516129032258064;-19.135483870967743;;;;;;;;;;;;;;;;;;;
;2002-04-01;188;-0.017287234042553185;-13.340425531914894;;;;;;;;;;;;;;;;;;;
;2002-05-01;144;-0.012777777777777784;-9.277777777777779;;;;;;;;;;;;;;;;;;;
;2002-06-01;116;-0.006637931034482761;-8.732758620689655;;;;;;;;;;;;;;;;;;;
;2002-07-01;129;-0.007286821705426358;-4.4186046511627906;;;;;;;;;;;;;;;;;;;
;2002-08-01;120;-0.012583333333333339;-4.316666666666666;;;;;;;;;;;;;;;;;;;
;2002-09-01;92;-0.014239130434782614;-8.01086956521739;;;;;;;;;;;;;;;;;;;
;2002-10-01;140;-0.00892857142857143;1.0071428571428571;;;;;;;;;;;;;;;;;;;
;2002-11-01;121;-0.017438016528925633;-31.71900826446281;;;;;;;;;;;;;;;;;;;
;2002-12-01;104;-0.0037499999999999994;-11.009615384615385;;;;;;;;;;;;;;;;;;;
;2003-01-01;131;-0.014961832061068707;-16.053435114503817;;;;;;;;;;;;;;;;;;;
;2003-02-01;127;-0.01385826771653544;-13.614173228346457;;;;;;;;;;;;;;;;;;;
;2003-03-01;152;-0.010328947368421059;-14.480263157894736;;;;;;;;;;;;;;;;;;;
;2003-04-01;184;-0.012663043478260874;-28.255434782608695;;;;;;;;;;;;;;;;;;;
;2003-05-01;126;-0.005555555555555557;-15.84920634920635;;;;;;;;;;;;;;;;;;;
;2003-06-01;103;-0.0051456310679611665;-1.8640776699029127;;;;;;;;;;;;;;;;;;;
;2003-07-01;162;-0.0158641975308642;-16.74074074074074;;;;;;;;;;;;;;;;;;;
;2003-08-01;183;-0.016448087431693993;-18.60655737704918;;;;;;;;;;;;;;;;;;;
;2003-09-01;171;-0.00906432748538012;-3.8596491228070176;;;;;;;;;;;;;;;;;;;
;2003-10-01;162;-0.006049382716049384;5.148148148148148;;;;;;;;;;;;;;;;;;;
;2003-11-01;166;-0.008554216867469882;1.4457831325301205;;;;;;;;;;;;;;;;;;;
;2003-12-01;118;-0.005593220338983052;-9.610169491525424;;;;;;;;;;;;;;;;;;;
;2004-01-01;163;-0.010920245398773013;-8.723926380368098;;;;;;;;;;;;;;;;;;;
;2004-02-01;151;-0.013178807947019876;-10.655629139072847;;;;;;;;;;;;;;;;;;;
;2004-03-01;175;-0.00845714285714286;-12.90857142857143;;;;;;;;;;;;;;;;;;;
;2004-04-01;182;-0.00664835164835165;-1.7142857142857142;;;;;;;;;;;;;;;;;;;
;2004-05-01;194;-0.014020618556701028;-29.88144329896907;;;;;;;;;;;;;;;;;;;
;2004-06-01;228;-0.005789473684210529;-13.837719298245615;;;;;;;;;;;;;;;;;;;
;2004-07-01;254;-0.005944881889763783;-1.3818897637795275;;;;;;;;;;;;;;;;;;;
;2004-08-01;241;0.0011618257261410809;31.904564315352697;;;;;;;;;;;;;;;;;;;
;2004-09-01;225;-0.005422222222222224;-5.484444444444445;;;;;;;;;;;;;;;;;;;
;2004-10-01;234;-0.015641025641025628;-28.273504273504273;;;;;;;;;;;;;;;;;;;
;2004-11-01;187;-0.012459893048128333;-21.807486631016044;;;;;;;;;;;;;;;;;;;
;2004-12-01;181;-0.007403314917127075;2.7900552486187844;;;;;;;;;;;;;;;;;;;
0.0;2005-01-01;195;-0.011282051282051281;-9.533333333333333;2005-01-01;Mujeres;76.0;0.0;10.0;13.0;3.0;6.0;6.0;9.0;2.0;6.0;9.0;5.0;4.0;3.0;0.0;0.0;
1.0;2005-02-01;151;-0.009933774834437092;-12.324503311258278;2005-02-01;Mujeres;49.0;0.0;9.0;5.0;4.0;3.0;1.0;6.0;4.0;1.0;8.0;1.0;3.0;3.0;1.0;0.0;
2.0;2005-03-01;184;-0.009076086956521744;-9.195652173913043;2005-03-01;Mujeres;73.0;1.0;13.0;10.0;1.0;7.0;7.0;7.0;6.0;3.0;6.0;5.0;5.0;1.0;0.0;1.0;
3.0;2005-04-01;131;-0.011145038167938938;-8.732824427480915;2005-04-01;Mujeres;66.0;0.0;1.0;12.0;4.0;8.0;2.0;5.0;8.0;6.0;9.0;4.0;1.0;1.0;5.0;0.0;
4.0;2005-05-01;165;-0.01133333333333334;-10.933333333333334;2005-05-01;Mujeres;70.0;1.0;7.0;13.0;4.0;4.0;3.0;6.0;4.0;7.0;8.0;7.0;3.0;3.0;0.0;0.0;
5.0;2005-06-01;148;-0.01608108108108108;-12.621621621621621;2005-06-01;Mujeres;85.0;0.0;5.0;19.0;3.0;5.0;2.0;11.0;7.0;9.0;9.0;5.0;9.0;0.0;1.0;0.0;
6.0;2005-07-01;125;-0.011120000000000003;-10.584;2005-07-01;Mujeres;81.0;0.0;10.0;8.0;5.0;5.0;8.0;3.0;7.0;5.0;8.0;9.0;6.0;5.0;1.0;1.0;
7.0;2005-08-01;158;-0.010316455696202537;-12.164556962025317;2005-08-01;Mujeres;74.0;0.0;7.0;6.0;8.0;4.0;3.0;2.0;4.0;9.0;8.0;2.0;11.0;6.0;4.0;0.0;
8.0;2005-09-01;150;-0.008466666666666667;-7.926666666666667;2005-09-01;Mujeres;76.0;1.0;7.0;9.0;5.0;4.0;10.0;7.0;5.0;2.0;5.0;9.0;8.0;4.0;0.0;0.0;
9.0;2005-10-01;139;-0.007553956834532376;-5.143884892086331;2005-10-01;Mujeres;58.0;0.0;7.0;10.0;2.0;4.0;5.0;2.0;5.0;6.0;4.0;7.0;5.0;1.0;0.0;0.0;
10.0;2005-11-01;126;-0.012222222222222226;-20.72222222222222;2005-11-01;Mujeres;67.0;0.0;10.0;11.0;3.0;1.0;5.0;5.0;8.0;2.0;10.0;4.0;4.0;3.0;1.0;0.0;
11.0;2005-12-01;110;-0.007454545454545457;-8.927272727272728;2005-12-01;Mujeres;54.0;0.0;7.0;12.0;7.0;6.0;4.0;3.0;4.0;4.0;3.0;1.0;2.0;0.0;1.0;0.0;
12.0;2006-01-01;165;-0.013636363636363634;-20.13939393939394;2006-01-01;Mujeres;63.0;0.0;5.0;12.0;5.0;5.0;4.0;4.0;7.0;1.0;7.0;6.0;3.0;4.0;0.0;0.0;
13.0;2006-02-01;144;-0.010138888888888895;-13.972222222222221;2006-02-01;Mujeres;52.0;1.0;3.0;10.0;4.0;4.0;6.0;2.0;2.0;4.0;5.0;6.0;1.0;3.0;1.0;0.0;
14.0;2006-03-01;176;-0.020681818181818166;-17.306818181818183;2006-03-01;Mujeres;60.0;0.0;5.0;6.0;6.0;5.0;8.0;6.0;4.0;4.0;4.0;5.0;1.0;3.0;2.0;1.0;
15.0;2006-04-01;111;-0.009279279279279282;-11.666666666666666;2006-04-01;Mujeres;68.0;0.0;9.0;13.0;4.0;8.0;9.0;4.0;5.0;2.0;3.0;3.0;5.0;2.0;1.0;0.0;
16.0;2006-05-01;144;-0.010763888888888896;-12.07638888888889;2006-05-01;Mujeres;78.0;1.0;12.0;11.0;6.0;4.0;8.0;8.0;7.0;6.0;2.0;4.0;8.0;1.0;0.0;0.0;
17.0;2006-06-01;110;-0.009000000000000003;-9.518181818181818;2006-06-01;Mujeres;67.0;1.0;6.0;12.0;8.0;4.0;3.0;1.0;6.0;5.0;6.0;3.0;7.0;4.0;1.0;0.0;
18.0;2006-07-01;101;-0.006435643564356439;-9.722772277227723;2006-07-01;Mujeres;63.0;0.0;7.0;10.0;1.0;10.0;4.0;3.0;3.0;3.0;7.0;8.0;4.0;3.0;0.0;0.0;
19.0;2006-08-01;191;-0.013193717277486913;-14.6282722513089;2006-08-01;Mujeres;69.0;0.0;3.0;7.0;4.0;9.0;6.0;6.0;6.0;4.0;8.0;7.0;8.0;0.0;1.0;0.0;
20.0;2006-09-01;162;-0.009938271604938275;-9.037037037037036;2006-09-01;Mujeres;59.0;0.0;7.0;7.0;6.0;1.0;6.0;6.0;5.0;6.0;5.0;4.0;4.0;1.0;1.0;0.0;
21.0;2006-10-01;158;-0.011075949367088613;-10.753164556962025;2006-10-01;Mujeres;54.0;0.0;5.0;8.0;3.0;3.0;7.0;4.0;3.0;2.0;9.0;3.0;3.0;4.0;0.0;0.0;
22.0;2006-11-01;153;-0.005098039215686275;-4.862745098039215;2006-11-01;Mujeres;53.0;0.0;7.0;10.0;3.0;6.0;3.0;4.0;3.0;2.0;5.0;2.0;4.0;3.0;1.0;0.0;
23.0;2006-12-01;150;-0.014066666666666663;-20.426666666666666;2006-12-01;Mujeres;48.0;0.0;2.0;6.0;6.0;4.0;4.0;3.0;6.0;3.0;6.0;2.0;4.0;2.0;0.0;0.0;
24.0;2007-01-01;192;-0.0076562500000000025;-3.2447916666666665;2007-01-01;Mujeres;58.0;0.0;4.0;9.0;2.0;4.0;3.0;4.0;8.0;4.0;9.0;5.0;4.0;1.0;1.0;0.0;
25.0;2007-02-01;185;-0.010216216216216219;-9.881081081081081;2007-02-01;Mujeres;50.0;1.0;2.0;14.0;4.0;4.0;4.0;6.0;4.0;3.0;4.0;1.0;2.0;1.0;0.0;0.0;
26.0;2007-03-01;182;-0.007472527472527475;-8.054945054945055;2007-03-01;Mujeres;76.0;0.0;3.0;16.0;3.0;10.0;9.0;8.0;5.0;3.0;9.0;4.0;4.0;0.0;2.0;0.0;
27.0;2007-04-01;147;-0.011768707482993203;-13.115646258503402;2007-04-01;Mujeres;56.0;0.0;2.0;10.0;6.0;6.0;3.0;5.0;7.0;1.0;4.0;6.0;5.0;0.0;1.0;0.0;
28.0;2007-05-01;156;-0.013974358974358982;-15.935897435897436;2007-05-01;Mujeres;82.0;1.0;4.0;16.0;6.0;3.0;7.0;8.0;10.0;2.0;5.0;5.0;8.0;6.0;1.0;0.0;
29.0;2007-06-01;116;-0.010862068965517247;-13.586206896551724;2007-06-01;Mujeres;73.0;2.0;11.0;13.0;9.0;9.0;6.0;1.0;5.0;3.0;3.0;1.0;3.0;5.0;1.0;1.0;
30.0;2007-07-01;126;-0.016428571428571435;-12.761904761904763;2007-07-01;Mujeres;69.0;0.0;5.0;10.0;9.0;7.0;5.0;9.0;4.0;3.0;6.0;3.0;7.0;1.0;0.0;0.0;
31.0;2007-08-01;211;-0.004691943127962088;-10.701421800947868;2007-08-01;Mujeres;81.0;0.0;8.0;10.0;4.0;11.0;8.0;6.0;6.0;5.0;5.0;6.0;5.0;6.0;1.0;0.0;
32.0;2007-09-01;248;-0.00560483870967742;5.645161290322581;2007-09-01;Mujeres;69.0;1.0;4.0;13.0;6.0;7.0;4.0;2.0;6.0;6.0;6.0;5.0;6.0;2.0;1.0;0.0;
33.0;2007-10-01;160;-0.007250000000000002;-8.8125;2007-10-01;Mujeres;62.0;0.0;5.0;6.0;8.0;4.0;4.0;5.0;4.0;5.0;7.0;8.0;3.0;3.0;0.0;0.0;
34.0;2007-11-01;106;-0.009339622641509436;-8.622641509433961;2007-11-01;Mujeres;57.0;0.0;7.0;7.0;4.0;5.0;4.0;7.0;3.0;1.0;7.0;4.0;7.0;0.0;1.0;0.0;
35.0;2007-12-01;127;-0.019527559055118115;-15.393700787401574;2007-12-01;Mujeres;67.0;0.0;6.0;14.0;6.0;5.0;4.0;6.0;10.0;3.0;4.0;3.0;5.0;1.0;0.0;0.0;
36.0;2008-01-01;142;-0.013028169014084512;-13.04225352112676;2008-01-01;Mujeres;68.0;1.0;5.0;11.0;2.0;7.0;2.0;9.0;4.0;5.0;4.0;9.0;3.0;5.0;1.0;0.0;
37.0;2008-02-01;180;-0.017999999999999995;-17.516666666666666;2008-02-01;Mujeres;54.0;0.0;3.0;6.0;5.0;5.0;4.0;3.0;5.0;6.0;5.0;5.0;5.0;2.0;0.0;0.0;
38.0;2008-03-01;154;-0.015259740259740258;-11.03896103896104;2008-03-01;Mujeres;63.0;0.0;6.0;12.0;6.0;2.0;3.0;4.0;9.0;4.0;4.0;2.0;3.0;7.0;1.0;0.0;
39.0;2008-04-01;158;-0.02164556962025316;-23.82278481012658;2008-04-01;Mujeres;65.0;0.0;5.0;12.0;11.0;9.0;5.0;7.0;4.0;1.0;3.0;3.0;2.0;2.0;1.0;0.0;
40.0;2008-05-01;134;-0.007985074626865676;-10.880597014925373;2008-05-01;Mujeres;55.0;1.0;8.0;9.0;3.0;2.0;8.0;4.0;2.0;5.0;2.0;5.0;5.0;1.0;0.0;0.0;
41.0;2008-06-01;115;-0.00965217391304348;-6.504347826086956;2008-06-01;Mujeres;68.0;0.0;6.0;7.0;6.0;4.0;7.0;4.0;5.0;6.0;8.0;5.0;2.0;6.0;2.0;0.0;
42.0;2008-07-01;196;-0.012806122448979593;-9.142857142857142;2008-07-01;Mujeres;72.0;0.0;4.0;9.0;6.0;6.0;6.0;3.0;10.0;6.0;7.0;6.0;6.0;2.0;1.0;0.0;
43.0;2008-08-01;148;-0.008918918918918921;-13.743243243243244;2008-08-01;Mujeres;65.0;0.0;7.0;7.0;12.0;2.0;2.0;7.0;6.0;2.0;8.0;7.0;5.0;0.0;0.0;0.0;
44.0;2008-09-01;177;-0.009548022598870061;-18.271186440677965;2008-09-01;Mujeres;69.0;0.0;7.0;9.0;3.0;7.0;6.0;8.0;3.0;6.0;5.0;5.0;6.0;2.0;1.0;1.0;
45.0;2008-10-01;150;-0.013266666666666673;-21.086666666666666;2008-10-01;Mujeres;70.0;0.0;8.0;11.0;5.0;6.0;4.0;6.0;7.0;9.0;4.0;5.0;2.0;3.0;0.0;0.0;
46.0;2008-11-01;173;-0.012312138728323707;-10.699421965317919;2008-11-01;Mujeres;67.0;0.0;7.0;7.0;12.0;7.0;5.0;6.0;3.0;5.0;3.0;5.0;2.0;5.0;0.0;0.0;
47.0;2008-12-01;174;-0.014195402298850574;-11.379310344827585;2008-12-01;Mujeres;65.0;0.0;6.0;8.0;8.0;3.0;7.0;6.0;4.0;4.0;6.0;7.0;4.0;1.0;1.0;0.0;
48.0;2009-01-01;194;-0.017938144329896905;-12.54639175257732;2009-01-01;Mujeres;57.0;1.0;5.0;7.0;9.0;4.0;6.0;2.0;5.0;3.0;2.0;7.0;3.0;3.0;0.0;0.0;
49.0;2009-02-01;213;-0.01375586854460094;-9.863849765258216;2009-02-01;Mujeres;62.0;0.0;3.0;11.0;5.0;7.0;4.0;9.0;4.0;2.0;5.0;3.0;8.0;0.0;1.0;0.0;
50.0;2009-03-01;203;-0.017192118226600977;-8.94088669950739;2009-03-01;Mujeres;63.0;0.0;8.0;10.0;6.0;7.0;5.0;2.0;7.0;7.0;6.0;1.0;3.0;1.0;0.0;0.0;
51.0;2009-04-01;166;-0.008915662650602415;-5.716867469879518;2009-04-01;Mujeres;48.0;0.0;3.0;7.0;1.0;4.0;4.0;6.0;7.0;3.0;1.0;3.0;7.0;2.0;0.0;0.0;
52.0;2009-05-01;158;-0.0064556962025316455;-4.829113924050633;2009-05-01;Mujeres;65.0;0.0;5.0;11.0;3.0;7.0;7.0;4.0;7.0;5.0;5.0;4.0;5.0;2.0;0.0;0.0;
53.0;2009-06-01;139;-0.009784172661870507;-7.913669064748201;2009-06-01;Mujeres;74.0;0.0;7.0;13.0;14.0;4.0;1.0;6.0;5.0;7.0;4.0;3.0;5.0;3.0;2.0;0.0;
54.0;2009-07-01;150;-0.012000000000000007;-10.473333333333333;2009-07-01;Mujeres;65.0;0.0;4.0;13.0;7.0;7.0;2.0;2.0;4.0;5.0;2.0;7.0;10.0;1.0;1.0;0.0;
55.0;2009-08-01;149;-0.008389261744966445;-7.818791946308725;2009-08-01;Mujeres;65.0;0.0;5.0;8.0;6.0;8.0;5.0;4.0;2.0;4.0;12.0;7.0;1.0;2.0;1.0;0.0;
56.0;2009-09-01;171;-0.008713450292397666;-9.865497076023392;2009-09-01;Mujeres;70.0;0.0;9.0;8.0;7.0;7.0;3.0;6.0;6.0;7.0;2.0;9.0;2.0;4.0;0.0;0.0;
57.0;2009-10-01;188;-0.00936170212765958;-12.356382978723405;2009-10-01;Mujeres;71.0;0.0;5.0;12.0;6.0;6.0;5.0;5.0;5.0;10.0;4.0;5.0;5.0;1.0;1.0;1.0;
58.0;2009-11-01;172;-0.014186046511627913;-16.843023255813954;2009-11-01;Mujeres;71.0;0.0;4.0;10.0;8.0;11.0;3.0;6.0;6.0;4.0;2.0;8.0;3.0;5.0;0.0;1.0;
59.0;2009-12-01;200;-0.01594999999999999;-17.35;2009-12-01;Mujeres;52.0;0.0;8.0;9.0;4.0;4.0;4.0;5.0;3.0;5.0;2.0;3.0;2.0;3.0;0.0;0.0;
60.0;2010-01-01;167;-0.01173652694610779;-13.826347305389222;2010-01-01;Mujeres;47.0;0.0;1.0;7.0;3.0;4.0;5.0;8.0;2.0;7.0;2.0;6.0;1.0;1.0;0.0;0.0;
61.0;2010-02-01;154;-0.009805194805194812;-12.175324675324676;2010-02-01;Mujeres;57.0;0.0;0.0;6.0;5.0;12.0;3.0;3.0;7.0;5.0;2.0;6.0;1.0;6.0;1.0;0.0;
62.0;2010-03-01;168;-0.008750000000000003;-8.845238095238095;2010-03-01;Mujeres;58.0;0.0;7.0;8.0;9.0;5.0;9.0;7.0;5.0;1.0;3.0;3.0;0.0;1.0;0.0;0.0;
63.0;2010-04-01;177;-0.015310734463276842;-15.457627118644067;2010-04-01;Mujeres;64.0;0.0;5.0;6.0;9.0;6.0;6.0;5.0;4.0;6.0;6.0;6.0;3.0;1.0;1.0;0.0;
64.0;2010-05-01;195;-0.0074871794871794895;-5.753846153846154;2010-05-01;Mujeres;54.0;0.0;6.0;7.0;3.0;3.0;9.0;3.0;3.0;4.0;2.0;5.0;4.0;3.0;2.0;0.0;
65.0;2010-06-01;221;-0.005520361990950228;-7.97737556561086;2010-06-01;Mujeres;55.0;0.0;2.0;3.0;5.0;6.0;7.0;7.0;4.0;6.0;7.0;3.0;2.0;2.0;0.0;1.0;
66.0;2010-07-01;172;-0.0056395348837209305;-3.38953488372093;2010-07-01;Mujeres;73.0;0.0;5.0;13.0;8.0;12.0;4.0;5.0;7.0;2.0;6.0;6.0;2.0;2.0;1.0;0.0;
67.0;2010-08-01;147;-0.0061904761904761916;-9.448979591836734;2010-08-01;Mujeres;56.0;0.0;6.0;12.0;7.0;4.0;2.0;4.0;3.0;5.0;2.0;4.0;3.0;1.0;1.0;2.0;
68.0;2010-09-01;179;-0.012905027932960889;-12.044692737430168;2010-09-01;Mujeres;66.0;0.0;6.0;11.0;7.0;6.0;3.0;4.0;9.0;2.0;5.0;7.0;3.0;3.0;0.0;0.0;
69.0;2010-10-01;181;-0.010441988950276248;-8.513812154696133;2010-10-01;Mujeres;56.0;0.0;2.0;6.0;8.0;5.0;5.0;4.0;4.0;5.0;5.0;1.0;5.0;3.0;3.0;0.0;
70.0;2010-11-01;214;-0.0042523364485981315;0.43457943925233644;2010-11-01;Mujeres;46.0;0.0;1.0;11.0;8.0;4.0;5.0;2.0;2.0;2.0;4.0;1.0;4.0;2.0;0.0;0.0;
71.0;2010-12-01;229;-0.013275109170305678;-10.663755458515285;2010-12-01;Mujeres;58.0;0.0;2.0;7.0;11.0;5.0;10.0;4.0;3.0;7.0;2.0;4.0;1.0;2.0;0.0;0.0;
72.0;2011-01-01;240;-0.012041666666666664;-10.220833333333333;2011-01-01;Mujeres;60.0;0.0;1.0;7.0;5.0;6.0;5.0;3.0;4.0;7.0;5.0;8.0;4.0;2.0;1.0;2.0;
73.0;2011-02-01;193;-0.010673575129533685;-12.300518134715025;2011-02-01;Mujeres;49.0;0.0;4.0;6.0;8.0;5.0;8.0;3.0;4.0;1.0;4.0;1.0;2.0;2.0;0.0;1.0;
74.0;2011-03-01;146;-0.006164383561643837;-7.287671232876712;2011-03-01;Mujeres;65.0;0.0;4.0;10.0;6.0;6.0;5.0;7.0;4.0;8.0;5.0;2.0;5.0;3.0;0.0;0.0;
75.0;2011-04-01;209;-0.010047846889952158;-9.732057416267942;2011-04-01;Mujeres;70.0;0.0;4.0;8.0;7.0;7.0;10.0;6.0;5.0;8.0;7.0;3.0;1.0;4.0;0.0;0.0;
76.0;2011-05-01;236;-0.01046610169491526;-10.733050847457626;2011-05-01;Mujeres;67.0;0.0;6.0;13.0;8.0;5.0;6.0;3.0;3.0;4.0;10.0;2.0;3.0;3.0;1.0;0.0;
77.0;2011-06-01;157;-0.014840764331210194;-16.29936305732484;2011-06-01;Mujeres;61.0;0.0;5.0;10.0;7.0;6.0;6.0;3.0;4.0;7.0;5.0;3.0;3.0;0.0;1.0;1.0;
78.0;2011-07-01;158;-0.005696202531645572;-8.70253164556962;2011-07-01;Mujeres;64.0;0.0;2.0;8.0;3.0;9.0;5.0;5.0;9.0;2.0;10.0;3.0;4.0;2.0;1.0;1.0;
79.0;2011-08-01;169;-0.008343195266272195;-10.165680473372781;2011-08-01;Mujeres;56.0;1.0;1.0;10.0;3.0;10.0;4.0;7.0;4.0;2.0;4.0;4.0;3.0;1.0;2.0;0.0;
80.0;2011-09-01;148;-0.010202702702702708;-10.513513513513514;2011-09-01;Mujeres;65.0;0.0;0.0;13.0;3.0;4.0;9.0;7.0;3.0;8.0;5.0;3.0;4.0;4.0;1.0;1.0;
81.0;2011-10-01;156;-0.009871794871794877;-12.75;2011-10-01;Mujeres;76.0;0.0;9.0;7.0;12.0;3.0;10.0;7.0;6.0;6.0;4.0;1.0;5.0;3.0;2.0;1.0;
82.0;2011-11-01;214;-0.011682242990654205;-14.546728971962617;2011-11-01;Mujeres;50.0;0.0;3.0;11.0;2.0;4.0;5.0;3.0;0.0;2.0;3.0;7.0;6.0;4.0;0.0;0.0;
83.0;2011-12-01;246;-0.018130081300812975;-21.65447154471545;2011-12-01;Mujeres;62.0;0.0;2.0;10.0;11.0;6.0;8.0;3.0;2.0;4.0;4.0;5.0;4.0;3.0;0.0;0.0;
84.0;2012-01-01;231;-0.018571428571428548;-23.571428571428573;2012-01-01;Mujeres;53.0;0.0;4.0;6.0;7.0;3.0;6.0;4.0;4.0;4.0;5.0;3.0;4.0;1.0;1.0;1.0;
85.0;2012-02-01;183;-0.011803278688524599;-11.53551912568306;2012-02-01;Mujeres;54.0;0.0;8.0;14.0;4.0;2.0;7.0;3.0;4.0;2.0;3.0;2.0;3.0;2.0;0.0;0.0;
86.0;2012-03-01;181;-0.012375690607734809;-15.756906077348066;2012-03-01;Mujeres;69.0;0.0;4.0;15.0;9.0;6.0;6.0;6.0;0.0;2.0;7.0;7.0;4.0;3.0;0.0;0.0;
87.0;2012-04-01;212;-0.014764150943396222;-15.028301886792454;2012-04-01;Mujeres;77.0;1.0;5.0;10.0;12.0;7.0;5.0;4.0;3.0;5.0;11.0;5.0;5.0;3.0;1.0;0.0;
88.0;2012-05-01;178;-0.010617977528089892;-10.101123595505618;2012-05-01;Mujeres;76.0;0.0;5.0;14.0;7.0;10.0;9.0;2.0;5.0;4.0;7.0;6.0;7.0;0.0;0.0;0.0;
89.0;2012-06-01;149;-0.015369127516778538;-14.228187919463087;2012-06-01;Mujeres;66.0;0.0;10.0;9.0;7.0;2.0;6.0;7.0;3.0;8.0;2.0;5.0;3.0;3.0;1.0;0.0;
90.0;2012-07-01;141;-0.008865248226950357;-7.98581560283688;2012-07-01;Mujeres;83.0;0.0;8.0;12.0;8.0;8.0;8.0;9.0;6.0;8.0;1.0;7.0;2.0;5.0;1.0;0.0;
91.0;2012-08-01;160;-0.005625000000000001;-2.4875;2012-08-01;Mujeres;72.0;0.0;6.0;6.0;5.0;9.0;14.0;4.0;8.0;7.0;4.0;3.0;3.0;3.0;0.0;0.0;
92.0;2012-09-01;162;-0.010493827160493832;-9.685185185185185;2012-09-01;Mujeres;70.0;0.0;1.0;12.0;9.0;4.0;6.0;5.0;5.0;9.0;5.0;5.0;6.0;2.0;0.0;1.0;
93.0;2012-10-01;199;-0.011708542713567843;-12.07035175879397;2012-10-01;Mujeres;55.0;0.0;3.0;6.0;9.0;5.0;9.0;4.0;3.0;3.0;3.0;2.0;2.0;5.0;1.0;0.0;
94.0;2012-11-01;360;-0.009583333333333326;-12.180555555555555;2012-11-01;Mujeres;64.0;0.0;6.0;8.0;4.0;6.0;6.0;3.0;4.0;6.0;8.0;5.0;5.0;3.0;0.0;0.0;
95.0;2012-12-01;240;-0.013041666666666668;-17.175;2012-12-01;Mujeres;76.0;0.0;6.0;11.0;9.0;9.0;9.0;9.0;6.0;2.0;3.0;5.0;3.0;4.0;0.0;0.0;
96.0;2013-01-01;171;-0.015672514619883036;-13.035087719298245;2013-01-01;Mujeres;94.0;2.0;8.0;14.0;10.0;9.0;7.0;9.0;7.0;7.0;5.0;10.0;4.0;2.0;0.0;0.0;
97.0;2013-02-01;212;-0.013396226415094333;-14.20754716981132;2013-02-01;Mujeres;65.0;0.0;11.0;7.0;8.0;4.0;7.0;3.0;7.0;6.0;4.0;6.0;1.0;1.0;0.0;0.0;
98.0;2013-03-01;185;-0.011837837837837838;-11.032432432432433;2013-03-01;Mujeres;93.0;0.0;5.0;13.0;8.0;10.0;10.0;7.0;6.0;6.0;9.0;4.0;9.0;3.0;2.0;1.0;
99.0;2013-04-01;200;-0.014799999999999995;-17.75;2013-04-01;Mujeres;77.0;1.0;7.0;6.0;9.0;8.0;7.0;6.0;10.0;5.0;5.0;6.0;3.0;3.0;1.0;0.0;
100.0;2013-05-01;214;-0.012616822429906544;-11.397196261682243;2013-05-01;Mujeres;92.0;0.0;3.0;9.0;12.0;9.0;13.0;9.0;6.0;9.0;7.0;7.0;5.0;2.0;1.0;0.0;
101.0;2013-06-01;219;-0.012694063926940644;-9.529680365296803;2013-06-01;Mujeres;83.0;0.0;5.0;11.0;7.0;6.0;8.0;12.0;7.0;5.0;6.0;6.0;5.0;4.0;0.0;1.0;
102.0;2013-07-01;138;-0.010362318840579716;-11.644927536231885;2013-07-01;Mujeres;84.0;0.0;6.0;9.0;8.0;9.0;10.0;10.0;7.0;4.0;5.0;5.0;4.0;3.0;2.0;2.0;
103.0;2013-08-01;150;-0.010800000000000006;-15.613333333333333;2013-08-01;Mujeres;86.0;0.0;6.0;17.0;7.0;7.0;10.0;6.0;6.0;8.0;4.0;6.0;7.0;2.0;0.0;0.0;
104.0;2013-09-01;172;-0.009593023255813958;-12.284883720930232;2013-09-01;Mujeres;71.0;0.0;4.0;12.0;10.0;7.0;9.0;6.0;3.0;5.0;3.0;8.0;2.0;1.0;1.0;0.0;
105.0;2013-10-01;157;-0.011592356687898096;-11.363057324840764;2013-10-01;Mujeres;72.0;0.0;10.0;8.0;4.0;11.0;8.0;3.0;3.0;2.0;8.0;4.0;4.0;5.0;1.0;1.0;
106.0;2013-11-01;111;-0.006306306306306308;-9.198198198198199;2013-11-01;Mujeres;71.0;0.0;7.0;7.0;4.0;8.0;12.0;6.0;1.0;6.0;6.0;5.0;5.0;4.0;0.0;0.0;
107.0;2013-12-01;122;-0.01057377049180328;-10.049180327868852;2013-12-01;Mujeres;71.0;0.0;4.0;10.0;7.0;5.0;9.0;10.0;2.0;7.0;3.0;6.0;5.0;1.0;2.0;0.0;
108.0;2014-01-01;141;-0.013829787234042561;-16.43971631205674;2014-01-01;Mujeres;60.0;1.0;3.0;10.0;1.0;6.0;8.0;4.0;2.0;8.0;2.0;7.0;6.0;2.0;0.0;0.0;
109.0;2014-02-01;181;-0.01055248618784531;-13.425414364640885;2014-02-01;Mujeres;66.0;0.0;6.0;13.0;5.0;8.0;4.0;9.0;1.0;11.0;3.0;0.0;4.0;2.0;0.0;0.0;
110.0;2014-03-01;218;-0.012752293577981643;-15.224770642201834;2014-03-01;Mujeres;92.0;1.0;14.0;13.0;8.0;10.0;9.0;7.0;7.0;6.0;5.0;5.0;2.0;3.0;2.0;0.0;
111.0;2014-04-01;155;-0.01225806451612904;-13.587096774193549;2014-04-01;Mujeres;97.0;3.0;15.0;10.0;5.0;11.0;3.0;8.0;16.0;4.0;3.0;7.0;4.0;4.0;4.0;0.0;
112.0;2014-05-01;192;-0.014218749999999995;-18.786458333333332;2014-05-01;Mujeres;77.0;0.0;5.0;13.0;9.0;6.0;12.0;4.0;0.0;7.0;6.0;7.0;5.0;3.0;0.0;0.0;
113.0;2014-06-01;183;-0.009890710382513667;-12.53551912568306;2014-06-01;Mujeres;80.0;1.0;1.0;13.0;9.0;5.0;4.0;4.0;11.0;10.0;5.0;7.0;4.0;5.0;1.0;0.0;
114.0;2014-07-01;160;-0.007437500000000002;-5.55625;2014-07-01;Mujeres;79.0;0.0;3.0;7.0;13.0;17.0;8.0;4.0;7.0;6.0;3.0;4.0;3.0;2.0;2.0;0.0;
115.0;2014-08-01;219;-0.017168949771689486;-17.264840182648403;2014-08-01;Mujeres;93.0;0.0;5.0;9.0;5.0;15.0;16.0;8.0;7.0;5.0;8.0;4.0;5.0;4.0;1.0;1.0;
116.0;2014-09-01;170;-0.015176470588235286;-14.047058823529412;2014-09-01;Mujeres;87.0;0.0;9.0;10.0;9.0;9.0;11.0;8.0;4.0;7.0;5.0;2.0;6.0;5.0;2.0;0.0;
117.0;2014-10-01;164;-0.010487804878048786;-14.25;2014-10-01;Mujeres;96.0;0.0;7.0;8.0;13.0;16.0;7.0;8.0;7.0;8.0;11.0;1.0;2.0;3.0;5.0;0.0;
118.0;2014-11-01;178;-0.014213483146067405;-19.146067415730336;2014-11-01;Mujeres;65.0;0.0;6.0;10.0;8.0;9.0;3.0;6.0;11.0;4.0;3.0;0.0;3.0;2.0;0.0;0.0;
119.0;2014-12-01;168;-0.016785714285714275;-24.613095238095237;2014-12-01;Mujeres;80.0;0.0;6.0;13.0;8.0;8.0;9.0;7.0;5.0;5.0;3.0;8.0;4.0;2.0;2.0;0.0;
120.0;2015-01-01;192;-0.008437500000000006;-11.625;2015-01-01;Mujeres;72.0;0.0;3.0;9.0;6.0;7.0;10.0;8.0;3.0;5.0;5.0;6.0;5.0;3.0;2.0;0.0;
121.0;2015-02-01;150;-0.00866666666666667;-14.846666666666666;2015-02-01;Mujeres;73.0;0.0;3.0;11.0;5.0;5.0;7.0;12.0;2.0;5.0;3.0;11.0;4.0;3.0;1.0;1.0;
122.0;2015-03-01;219;-0.011917808219178082;-16.49771689497717;2015-03-01;Mujeres;103.0;0.0;6.0;13.0;9.0;14.0;4.0;15.0;9.0;7.0;11.0;5.0;5.0;4.0;1.0;0.0;
123.0;2015-04-01;209;-0.012153110047846895;-14.511961722488039;2015-04-01;Mujeres;70.0;0.0;5.0;5.0;9.0;13.0;8.0;7.0;5.0;5.0;6.0;2.0;4.0;0.0;0.0;1.0;
124.0;2015-05-01;215;-0.01186046511627907;-13.651162790697674;2015-05-01;Mujeres;83.0;0.0;5.0;10.0;8.0;13.0;4.0;8.0;10.0;7.0;5.0;5.0;2.0;5.0;1.0;0.0;
125.0;2015-06-01;172;-0.007441860465116282;-5.755813953488372;2015-06-01;Mujeres;59.0;0.0;4.0;8.0;7.0;6.0;4.0;4.0;7.0;2.0;6.0;4.0;3.0;2.0;2.0;0.0;
126.0;2015-07-01;219;-0.012785388127853878;-11.036529680365296;2015-07-01;Mujeres;87.0;0.0;9.0;4.0;5.0;13.0;7.0;7.0;8.0;9.0;4.0;7.0;6.0;3.0;5.0;0.0;
127.0;2015-08-01;293;-0.023139931740614336;-34.1160409556314;2015-08-01;Mujeres;76.0;1.0;5.0;9.0;9.0;14.0;6.0;2.0;8.0;4.0;4.0;6.0;4.0;2.0;1.0;1.0;
128.0;2015-09-01;150;-0.00786666666666667;-13.113333333333333;2015-09-01;Mujeres;77.0;0.0;12.0;11.0;5.0;9.0;10.0;4.0;5.0;2.0;3.0;7.0;7.0;2.0;0.0;0.0;
129.0;2015-10-01;217;-0.011198156682027647;-16.179723502304146;2015-10-01;Mujeres;85.0;0.0;12.0;6.0;13.0;6.0;12.0;5.0;8.0;3.0;3.0;7.0;6.0;2.0;1.0;1.0;
130.0;2015-11-01;160;-0.013937500000000002;-19.78125;2015-11-01;Mujeres;56.0;0.0;6.0;5.0;8.0;6.0;8.0;1.0;3.0;6.0;5.0;6.0;1.0;1.0;0.0;0.0;
131.0;2015-12-01;163;-0.007300613496932516;-9.036809815950921;2015-12-01;Mujeres;81.0;0.0;8.0;4.0;12.0;5.0;13.0;8.0;7.0;7.0;8.0;3.0;3.0;3.0;0.0;0.0;
132.0;2016-01-01;212;-0.014811320754716976;-15.915094339622641;2016-01-01;Mujeres;80.0;1.0;8.0;12.0;11.0;5.0;6.0;9.0;5.0;9.0;1.0;6.0;4.0;3.0;0.0;0.0;
133.0;2016-02-01;171;-0.01426900584795321;-15.210526315789474;2016-02-01;Mujeres;58.0;1.0;2.0;7.0;6.0;5.0;10.0;5.0;5.0;4.0;4.0;2.0;3.0;3.0;1.0;0.0;
134.0;2016-03-01;240;-0.004916666666666669;2.9458333333333333;2016-03-01;Mujeres;77.0;0.0;5.0;6.0;5.0;15.0;6.0;6.0;6.0;9.0;5.0;7.0;4.0;0.0;3.0;0.0;
135.0;2016-04-01;191;-0.011832460732984294;-6.534031413612565;2016-04-01;Mujeres;66.0;0.0;1.0;14.0;9.0;4.0;5.0;1.0;9.0;6.0;3.0;8.0;1.0;4.0;1.0;0.0;
136.0;2016-05-01;194;-0.006082474226804127;-4.695876288659794;2016-05-01;Mujeres;67.0;0.0;6.0;6.0;7.0;5.0;6.0;5.0;6.0;8.0;6.0;3.0;5.0;1.0;2.0;1.0;
137.0;2016-06-01;167;-0.010658682634730545;-10.580838323353293;2016-06-01;Mujeres;75.0;0.0;5.0;9.0;5.0;5.0;11.0;9.0;3.0;6.0;7.0;6.0;3.0;4.0;2.0;0.0;
138.0;2016-07-01;208;-0.007980769230769234;-12.149038461538462;2016-07-01;Mujeres;89.0;2.0;8.0;10.0;6.0;8.0;4.0;9.0;10.0;8.0;5.0;5.0;4.0;5.0;2.0;3.0;
139.0;2016-08-01;234;-0.010299145299145294;-13.025641025641026;2016-08-01;Mujeres;92.0;0.0;8.0;10.0;5.0;8.0;13.0;7.0;6.0;9.0;8.0;4.0;9.0;3.0;2.0;0.0;
140.0;2016-09-01;235;-0.011021276595744665;-19.693617021276594;2016-09-01;Mujeres;81.0;0.0;4.0;13.0;5.0;5.0;6.0;11.0;5.0;8.0;6.0;6.0;8.0;2.0;2.0;0.0;
141.0;2016-10-01;234;-0.010512820512820516;-15.239316239316238;2016-10-01;Mujeres;73.0;0.0;8.0;5.0;8.0;9.0;6.0;10.0;7.0;7.0;5.0;2.0;3.0;2.0;1.0;0.0;
142.0;2016-11-01;151;-0.015033112582781463;-17.973509933774835;2016-11-01;Mujeres;61.0;0.0;5.0;10.0;5.0;6.0;4.0;4.0;9.0;5.0;1.0;3.0;3.0;5.0;1.0;0.0;
143.0;2016-12-01;168;-0.01577380952380952;-12.148809523809524;2016-12-01;Mujeres;88.0;0.0;7.0;8.0;8.0;8.0;12.0;5.0;8.0;9.0;7.0;6.0;3.0;5.0;2.0;0.0;
144.0;2017-01-01;205;-0.013268292682926825;-17.87317073170732;2017-01-01;Mujeres;81.0;1.0;9.0;11.0;8.0;6.0;8.0;10.0;3.0;6.0;5.0;5.0;4.0;4.0;1.0;0.0;
145.0;2017-02-01;178;-0.012977528089887646;-22.0561797752809;2017-02-01;Mujeres;82.0;0.0;5.0;7.0;14.0;6.0;6.0;12.0;5.0;4.0;6.0;6.0;6.0;5.0;0.0;0.0;
146.0;2017-03-01;190;-0.014315789473684205;-16.878947368421052;2017-03-01;Mujeres;82.0;3.0;5.0;9.0;6.0;5.0;12.0;10.0;10.0;7.0;2.0;6.0;3.0;2.0;2.0;0.0;
147.0;2017-04-01;198;-0.016717171717171703;-17.02020202020202;2017-04-01;Mujeres;88.0;1.0;5.0;10.0;13.0;3.0;9.0;8.0;8.0;6.0;8.0;6.0;6.0;5.0;0.0;0.0;
148.0;2017-05-01;242;-0.007644628099173557;-3.9214876033057853;2017-05-01;Mujeres;84.0;0.0;5.0;8.0;8.0;7.0;8.0;13.0;10.0;5.0;6.0;4.0;8.0;2.0;0.0;0.0;
149.0;2017-06-01;147;-0.013945578231292522;-14.312925170068027;2017-06-01;Mujeres;79.0;1.0;7.0;9.0;4.0;6.0;5.0;9.0;9.0;7.0;7.0;5.0;7.0;3.0;0.0;0.0;
150.0;2017-07-01;237;-0.015232067510548527;-14.320675105485233;2017-07-01;Mujeres;83.0;0.0;7.0;6.0;5.0;7.0;6.0;10.0;11.0;4.0;13.0;6.0;5.0;2.0;1.0;0.0;
151.0;2017-08-01;143;-0.009300699300699303;-10.811188811188812;2017-08-01;Mujeres;69.0;0.0;5.0;9.0;3.0;7.0;12.0;3.0;8.0;4.0;6.0;2.0;3.0;7.0;0.0;0.0;
152.0;2017-09-01;171;-0.01649122807017543;-18.619883040935672;2017-09-01;Mujeres;90.0;1.0;8.0;11.0;9.0;10.0;14.0;8.0;3.0;6.0;7.0;3.0;5.0;3.0;1.0;1.0;
153.0;2017-10-01;189;-0.013703703703703699;-17.21693121693122;2017-10-01;Mujeres;87.0;0.0;7.0;6.0;8.0;8.0;15.0;11.0;2.0;10.0;10.0;5.0;2.0;3.0;0.0;0.0;
154.0;2017-11-01;186;-0.02198924731182793;-30.381720430107528;2017-11-01;Mujeres;71.0;0.0;4.0;8.0;12.0;5.0;10.0;6.0;6.0;7.0;3.0;5.0;4.0;0.0;1.0;0.0;
155.0;2017-12-01;151;-0.013046357615894047;-16.94701986754967;2017-12-01;Mujeres;65.0;0.0;2.0;4.0;8.0;6.0;11.0;8.0;6.0;2.0;6.0;6.0;2.0;1.0;2.0;1.0;
;2018-01-01;214;-0.02280373831775698;-25.939252336448597;;;;;;;;;;;;;;;;;;;
;2018-02-01;160;-0.01668749999999999;-20.28125;;;;;;;;;;;;;;;;;;;
;2018-03-01;157;-0.017070063694267515;-21.203821656050955;;;;;;;;;;;;;;;;;;;
;2018-04-01;165;-0.011212121212121218;-9.23030303030303;;;;;;;;;;;;;;;;;;;
;2018-05-01;191;-0.016963350785340305;-22.554973821989527;;;;;;;;;;;;;;;;;;;
;2018-06-01;184;-0.014456521739130436;-16.96195652173913;;;;;;;;;;;;;;;;;;;
;2018-07-01;197;-0.021319796954314716;-23.050761421319798;;;;;;;;;;;;;;;;;;;
;2018-08-01;156;-0.013974358974358982;-12.262820512820513;;;;;;;;;;;;;;;;;;;
;2018-09-01;206;-0.01815533980582522;-19.519417475728154;;;;;;;;;;;;;;;;;;;
;2018-10-01;198;-0.015101010101010098;-18.237373737373737;;;;;;;;;;;;;;;;;;;
;2018-11-01;167;-0.019281437125748493;-19.610778443113773;;;;;;;;;;;;;;;;;;;
;2018-12-01;162;-0.012345679012345687;-15.703703703703704;;;;;;;;;;;;;;;;;;;
;2019-01-01;176;-0.017784090909090902;-18.823863636363637;;;;;;;;;;;;;;;;;;;
;2019-02-01;146;-0.009383561643835619;-13.472602739726028;;;;;;;;;;;;;;;;;;;
;2019-03-01;197;-0.016142131979695426;-23.111675126903553;;;;;;;;;;;;;;;;;;;
;2019-04-01;312;-0.015929487179487164;-11.41025641025641;;;;;;;;;;;;;;;;;;;
;2019-05-01;205;-0.01492682926829269;-12.692682926829269;;;;;;;;;;;;;;;;;;;
;2019-06-01;227;-0.025022026431718036;-25.493392070484582;;;;;;;;;;;;;;;;;;;
;2019-07-01;209;-0.02210526315789472;-20.30622009569378;;;;;;;;;;;;;;;;;;;
;2019-08-01;239;-0.02707112970711294;-25.447698744769873;;;;;;;;;;;;;;;;;;;
;2019-09-01;42;-0.021190476190476194;-16.30952380952381;;;;;;;;;;;;;;;;;;;
