index;month;noticias_suicidio;media_sentimiento_noticias;sentiment_analysis_score;mes;descrip;suicidios;Menores_de_15_anos;De_15_a_29_anos;De_30_a_39_anos;De_40_a_44_anos;De_45_a_49_anos;De_50_a_54_anos;De_55_a_59_anos;De_60_a_64_anos;De_65_a_69_anos;De_70_a_74_anos;De_75_a_79_anos;De_80_a_84_anos;De_85_a_89_anos;De_90_a_94_anos;De_95_anos_y_mns;Unnamed:_18;suicidios_3_meses_despues;date_minus_3moths;suicidios_4_meses_despues;date_minus_4moths;suicidios_5_meses_despues;date_minus_5moths;suicidios_6_meses_despues;date_minus_6moths
0.0;2005-01-01;195;-0.011282051282051281;-9.533333333333333;2005-01-01;Ambos sexos;285.0;0.0;32.0;47.0;18.0;22.0;19.0;22.0;20.0;13.0;29.0;30.0;17.0;10.0;6.0;0.0;;307;2005-01-01;304;2005-01-01;320;2005-01-01;306;2005-01-01
0.0;2005-01-01;195;-0.011282051282051281;-9.533333333333333;2005-01-01;Ambos sexos;285.0;0.0;32.0;47.0;18.0;22.0;19.0;22.0;20.0;13.0;29.0;30.0;17.0;10.0;6.0;0.0;;304;2005-01-01;304;2005-01-01;320;2005-01-01;306;2005-01-01
2.0;2005-03-01;184;-0.009076086956521744;-9.195652173913043;2005-03-01;Ambos sexos;302.0;1.0;47.0;50.0;20.0;22.0;30.0;17.0;22.0;18.0;29.0;24.0;16.0;2.0;3.0;1.0;;320;2005-03-01;306;2005-03-01;292;2005-03-01;275;2005-03-01
3.0;2005-04-01;131;-0.011145038167938938;-8.732824427480915;2005-04-01;Ambos sexos;307.0;2.0;41.0;48.0;20.0;29.0;17.0;19.0;25.0;22.0;25.0;25.0;16.0;9.0;8.0;1.0;;306;2005-04-01;292;2005-04-01;275;2005-04-01;278;2005-04-01
4.0;2005-05-01;165;-0.01133333333333334;-10.933333333333334;2005-05-01;Ambos sexos;304.0;2.0;35.0;58.0;27.0;21.0;21.0;23.0;15.0;20.0;23.0;25.0;19.0;12.0;3.0;0.0;;292;2005-05-01;275;2005-05-01;278;2005-05-01;230;2005-05-01
5.0;2005-06-01;148;-0.01608108108108108;-12.621621621621621;2005-06-01;Ambos sexos;320.0;0.0;36.0;64.0;28.0;18.0;18.0;29.0;13.0;22.0;21.0;30.0;25.0;5.0;8.0;3.0;;275;2005-06-01;278;2005-06-01;230;2005-06-01;245;2005-06-01
6.0;2005-07-01;125;-0.011120000000000003;-10.584;2005-07-01;Ambos sexos;306.0;0.0;36.0;43.0;25.0;26.0;19.0;18.0;23.0;16.0;29.0;30.0;20.0;16.0;4.0;1.0;;278;2005-07-01;230;2005-07-01;245;2005-07-01;264;2005-07-01
7.0;2005-08-01;158;-0.010316455696202537;-12.164556962025317;2005-08-01;Ambos sexos;292.0;1.0;33.0;41.0;27.0;19.0;13.0;15.0;13.0;28.0;31.0;22.0;31.0;12.0;5.0;1.0;;230;2005-08-01;245;2005-08-01;264;2005-08-01;221;2005-08-01
8.0;2005-09-01;150;-0.008466666666666667;-7.926666666666667;2005-09-01;Ambos sexos;275.0;1.0;33.0;46.0;27.0;19.0;19.0;16.0;25.0;12.0;21.0;21.0;22.0;10.0;3.0;0.0;;245;2005-09-01;264;2005-09-01;221;2005-09-01;289;2005-09-01
9.0;2005-10-01;139;-0.007553956834532376;-5.143884892086331;2005-10-01;Ambos sexos;278.0;0.0;41.0;44.0;33.0;20.0;18.0;15.0;15.0;19.0;27.0;19.0;16.0;7.0;4.0;0.0;;264;2005-10-01;221;2005-10-01;289;2005-10-01;285;2005-10-01
10.0;2005-11-01;126;-0.012222222222222226;-20.72222222222222;2005-11-01;Ambos sexos;230.0;0.0;36.0;40.0;19.0;10.0;19.0;15.0;11.0;12.0;21.0;19.0;17.0;9.0;2.0;0.0;;221;2005-11-01;289;2005-11-01;285;2005-11-01;323;2005-11-01
11.0;2005-12-01;110;-0.007454545454545457;-8.927272727272728;2005-12-01;Ambos sexos;245.0;0.0;33.0;52.0;27.0;19.0;17.0;12.0;16.0;20.0;16.0;8.0;10.0;10.0;4.0;1.0;;289;2005-12-01;285;2005-12-01;323;2005-12-01;305;2005-12-01
12.0;2006-01-01;165;-0.013636363636363634;-20.13939393939394;2006-01-01;Ambos sexos;264.0;0.0;37.0;56.0;17.0;18.0;20.0;17.0;16.0;13.0;28.0;19.0;14.0;6.0;3.0;0.0;;285;2006-01-01;323;2006-01-01;305;2006-01-01;299;2006-01-01
12.0;2006-01-01;165;-0.013636363636363634;-20.13939393939394;2006-01-01;Ambos sexos;264.0;0.0;37.0;56.0;17.0;18.0;20.0;17.0;16.0;13.0;28.0;19.0;14.0;6.0;3.0;0.0;;323;2006-01-01;323;2006-01-01;305;2006-01-01;299;2006-01-01
14.0;2006-03-01;176;-0.020681818181818166;-17.306818181818183;2006-03-01;Ambos sexos;289.0;0.0;33.0;52.0;21.0;23.0;20.0;20.0;18.0;16.0;21.0;25.0;24.0;11.0;4.0;1.0;;305;2006-03-01;299;2006-03-01;302;2006-03-01;284;2006-03-01
15.0;2006-04-01;111;-0.009279279279279282;-11.666666666666666;2006-04-01;Ambos sexos;285.0;0.0;36.0;51.0;26.0;26.0;19.0;21.0;19.0;10.0;22.0;19.0;20.0;13.0;2.0;1.0;;299;2006-04-01;302;2006-04-01;284;2006-04-01;267;2006-04-01
16.0;2006-05-01;144;-0.010763888888888896;-12.07638888888889;2006-05-01;Ambos sexos;323.0;1.0;40.0;55.0;25.0;23.0;24.0;21.0;30.0;25.0;19.0;17.0;31.0;11.0;0.0;1.0;;302;2006-05-01;284;2006-05-01;267;2006-05-01;220;2006-05-01
17.0;2006-06-01;110;-0.009000000000000003;-9.518181818181818;2006-06-01;Ambos sexos;305.0;1.0;37.0;46.0;32.0;21.0;22.0;17.0;20.0;23.0;31.0;15.0;20.0;16.0;4.0;0.0;;284;2006-06-01;267;2006-06-01;220;2006-06-01;187;2006-06-01
18.0;2006-07-01;101;-0.006435643564356439;-9.722772277227723;2006-07-01;Ambos sexos;299.0;0.0;41.0;55.0;16.0;33.0;14.0;20.0;16.0;10.0;26.0;26.0;23.0;14.0;3.0;2.0;;267;2006-07-01;220;2006-07-01;187;2006-07-01;257;2006-07-01
19.0;2006-08-01;191;-0.013193717277486913;-14.6282722513089;2006-08-01;Ambos sexos;302.0;1.0;31.0;38.0;26.0;29.0;18.0;29.0;16.0;20.0;22.0;32.0;32.0;5.0;3.0;0.0;;220;2006-08-01;187;2006-08-01;257;2006-08-01;238;2006-08-01
20.0;2006-09-01;162;-0.009938271604938275;-9.037037037037036;2006-09-01;Ambos sexos;284.0;0.0;29.0;41.0;30.0;23.0;14.0;22.0;26.0;20.0;20.0;22.0;20.0;10.0;4.0;3.0;;187;2006-09-01;257;2006-09-01;238;2006-09-01;294;2006-09-01
21.0;2006-10-01;158;-0.011075949367088613;-10.753164556962025;2006-10-01;Ambos sexos;267.0;0.0;22.0;59.0;23.0;22.0;22.0;13.0;20.0;16.0;20.0;22.0;13.0;10.0;5.0;0.0;;257;2006-10-01;238;2006-10-01;294;2006-10-01;257;2006-10-01
22.0;2006-11-01;153;-0.005098039215686275;-4.862745098039215;2006-11-01;Ambos sexos;220.0;0.0;28.0;34.0;23.0;23.0;16.0;19.0;16.0;8.0;14.0;13.0;14.0;7.0;4.0;1.0;;238;2006-11-01;294;2006-11-01;257;2006-11-01;314;2006-11-01
23.0;2006-12-01;150;-0.014066666666666663;-20.426666666666666;2006-12-01;Ambos sexos;187.0;1.0;20.0;29.0;18.0;19.0;15.0;7.0;13.0;8.0;20.0;19.0;11.0;6.0;0.0;1.0;;294;2006-12-01;257;2006-12-01;314;2006-12-01;302;2006-12-01
24.0;2007-01-01;192;-0.0076562500000000025;-3.2447916666666665;2007-01-01;Ambos sexos;257.0;2.0;27.0;35.0;28.0;18.0;15.0;17.0;15.0;17.0;24.0;20.0;19.0;17.0;3.0;0.0;;257;2007-01-01;314;2007-01-01;302;2007-01-01;315;2007-01-01
24.0;2007-01-01;192;-0.0076562500000000025;-3.2447916666666665;2007-01-01;Ambos sexos;257.0;2.0;27.0;35.0;28.0;18.0;15.0;17.0;15.0;17.0;24.0;20.0;19.0;17.0;3.0;0.0;;314;2007-01-01;314;2007-01-01;302;2007-01-01;315;2007-01-01
26.0;2007-03-01;182;-0.007472527472527475;-8.054945054945055;2007-03-01;Ambos sexos;294.0;0.0;22.0;53.0;20.0;29.0;20.0;29.0;21.0;15.0;29.0;21.0;17.0;13.0;4.0;1.0;;302;2007-03-01;315;2007-03-01;295;2007-03-01;272;2007-03-01
27.0;2007-04-01;147;-0.011768707482993203;-13.115646258503402;2007-04-01;Ambos sexos;257.0;0.0;25.0;40.0;31.0;17.0;16.0;17.0;23.0;14.0;18.0;24.0;23.0;5.0;4.0;0.0;;315;2007-04-01;295;2007-04-01;272;2007-04-01;249;2007-04-01
28.0;2007-05-01;156;-0.013974358974358982;-15.935897435897436;2007-05-01;Ambos sexos;314.0;2.0;34.0;48.0;32.0;25.0;24.0;24.0;20.0;14.0;20.0;24.0;26.0;15.0;5.0;1.0;;295;2007-05-01;272;2007-05-01;249;2007-05-01;237;2007-05-01
29.0;2007-06-01;116;-0.010862068965517247;-13.586206896551724;2007-06-01;Ambos sexos;302.0;2.0;33.0;56.0;31.0;27.0;17.0;19.0;22.0;23.0;20.0;18.0;17.0;13.0;3.0;1.0;;272;2007-06-01;249;2007-06-01;237;2007-06-01;233;2007-06-01
30.0;2007-07-01;126;-0.016428571428571435;-12.761904761904763;2007-07-01;Ambos sexos;315.0;0.0;29.0;52.0;29.0;26.0;25.0;25.0;15.0;12.0;27.0;29.0;26.0;17.0;2.0;1.0;;249;2007-07-01;237;2007-07-01;233;2007-07-01;271;2007-07-01
31.0;2007-08-01;211;-0.004691943127962088;-10.701421800947868;2007-08-01;Ambos sexos;295.0;0.0;35.0;47.0;23.0;28.0;19.0;22.0;21.0;17.0;20.0;24.0;20.0;17.0;2.0;0.0;;237;2007-08-01;233;2007-08-01;271;2007-08-01;257;2007-08-01
32.0;2007-09-01;248;-0.00560483870967742;5.645161290322581;2007-09-01;Ambos sexos;272.0;3.0;19.0;42.0;25.0;28.0;24.0;13.0;21.0;19.0;18.0;29.0;14.0;14.0;3.0;0.0;;233;2007-09-01;271;2007-09-01;257;2007-09-01;309;2007-09-01
33.0;2007-10-01;160;-0.007250000000000002;-8.8125;2007-10-01;Ambos sexos;249.0;0.0;27.0;33.0;24.0;27.0;21.0;17.0;16.0;17.0;16.0;18.0;19.0;11.0;3.0;0.0;;271;2007-10-01;257;2007-10-01;309;2007-10-01;283;2007-10-01
34.0;2007-11-01;106;-0.009339622641509436;-8.622641509433961;2007-11-01;Ambos sexos;237.0;1.0;27.0;41.0;25.0;22.0;16.0;19.0;15.0;8.0;16.0;15.0;22.0;6.0;3.0;1.0;;257;2007-11-01;309;2007-11-01;283;2007-11-01;282;2007-11-01
35.0;2007-12-01;127;-0.019527559055118115;-15.393700787401574;2007-12-01;Ambos sexos;233.0;0.0;22.0;42.0;23.0;19.0;14.0;14.0;22.0;16.0;15.0;12.0;19.0;12.0;3.0;0.0;;309;2007-12-01;283;2007-12-01;282;2007-12-01;326;2007-12-01
36.0;2008-01-01;142;-0.013028169014084512;-13.04225352112676;2008-01-01;Ambos sexos;271.0;1.0;26.0;47.0;22.0;20.0;18.0;33.0;12.0;24.0;14.0;28.0;15.0;10.0;1.0;0.0;;283;2008-01-01;282;2008-01-01;326;2008-01-01;301;2008-01-01
37.0;2008-02-01;180;-0.017999999999999995;-17.516666666666666;2008-02-01;Ambos sexos;257.0;1.0;33.0;37.0;23.0;15.0;15.0;25.0;18.0;25.0;19.0;17.0;15.0;9.0;5.0;0.0;;282;2008-02-01;326;2008-02-01;301;2008-02-01;296;2008-02-01
38.0;2008-03-01;154;-0.015259740259740258;-11.03896103896104;2008-03-01;Ambos sexos;309.0;0.0;40.0;60.0;29.0;29.0;30.0;17.0;22.0;15.0;16.0;16.0;19.0;13.0;3.0;0.0;;326;2008-03-01;301;2008-03-01;296;2008-03-01;282;2008-03-01
39.0;2008-04-01;158;-0.02164556962025316;-23.82278481012658;2008-04-01;Ambos sexos;283.0;1.0;35.0;56.0;31.0;32.0;15.0;17.0;20.0;18.0;14.0;18.0;14.0;8.0;4.0;0.0;;301;2008-04-01;296;2008-04-01;282;2008-04-01;304;2008-04-01
40.0;2008-05-01;134;-0.007985074626865676;-10.880597014925373;2008-05-01;Ambos sexos;282.0;1.0;26.0;48.0;29.0;23.0;26.0;15.0;16.0;22.0;18.0;20.0;23.0;11.0;3.0;1.0;;296;2008-05-01;282;2008-05-01;304;2008-05-01;273;2008-05-01
41.0;2008-06-01;115;-0.00965217391304348;-6.504347826086956;2008-06-01;Ambos sexos;326.0;0.0;31.0;46.0;32.0;25.0;26.0;20.0;21.0;20.0;30.0;23.0;26.0;19.0;4.0;3.0;;282;2008-06-01;304;2008-06-01;273;2008-06-01;273;2008-06-01
42.0;2008-07-01;196;-0.012806122448979593;-9.142857142857142;2008-07-01;Ambos sexos;301.0;0.0;35.0;39.0;33.0;24.0;36.0;21.0;21.0;20.0;19.0;22.0;20.0;8.0;1.0;2.0;;304;2008-07-01;273;2008-07-01;273;2008-07-01;275;2008-07-01
43.0;2008-08-01;148;-0.008918918918918921;-13.743243243243244;2008-08-01;Ambos sexos;296.0;0.0;35.0;51.0;30.0;30.0;19.0;23.0;17.0;10.0;25.0;30.0;19.0;4.0;3.0;0.0;;273;2008-08-01;273;2008-08-01;275;2008-08-01;270;2008-08-01
44.0;2008-09-01;177;-0.009548022598870061;-18.271186440677965;2008-09-01;Ambos sexos;282.0;0.0;25.0;51.0;19.0;25.0;26.0;27.0;13.0;13.0;19.0;31.0;20.0;8.0;4.0;1.0;;273;2008-09-01;275;2008-09-01;270;2008-09-01;272;2008-09-01
45.0;2008-10-01;150;-0.013266666666666673;-21.086666666666666;2008-10-01;Ambos sexos;304.0;0.0;34.0;40.0;36.0;28.0;23.0;24.0;21.0;23.0;24.0;15.0;18.0;14.0;4.0;0.0;;275;2008-10-01;270;2008-10-01;272;2008-10-01;258;2008-10-01
46.0;2008-11-01;173;-0.012312138728323707;-10.699421965317919;2008-11-01;Ambos sexos;273.0;0.0;29.0;42.0;33.0;25.0;24.0;19.0;22.0;20.0;17.0;15.0;12.0;10.0;4.0;1.0;;270;2008-11-01;272;2008-11-01;258;2008-11-01;316;2008-11-01
47.0;2008-12-01;174;-0.014195402298850574;-11.379310344827585;2008-12-01;Ambos sexos;273.0;0.0;31.0;46.0;24.0;23.0;26.0;25.0;22.0;16.0;16.0;20.0;14.0;6.0;3.0;1.0;;272;2008-12-01;258;2008-12-01;316;2008-12-01;321;2008-12-01
48.0;2009-01-01;194;-0.017938144329896905;-12.54639175257732;2009-01-01;Ambos sexos;275.0;1.0;36.0;49.0;30.0;23.0;17.0;21.0;17.0;11.0;14.0;24.0;12.0;14.0;5.0;1.0;;258;2009-01-01;316;2009-01-01;321;2009-01-01;330;2009-01-01
48.0;2009-01-01;194;-0.017938144329896905;-12.54639175257732;2009-01-01;Ambos sexos;275.0;1.0;36.0;49.0;30.0;23.0;17.0;21.0;17.0;11.0;14.0;24.0;12.0;14.0;5.0;1.0;;316;2009-01-01;316;2009-01-01;321;2009-01-01;330;2009-01-01
50.0;2009-03-01;203;-0.017192118226600977;-8.94088669950739;2009-03-01;Ambos sexos;272.0;0.0;32.0;42.0;23.0;37.0;20.0;16.0;26.0;21.0;22.0;16.0;8.0;7.0;2.0;0.0;;321;2009-03-01;330;2009-03-01;298;2009-03-01;303;2009-03-01
51.0;2009-04-01;166;-0.008915662650602415;-5.716867469879518;2009-04-01;Ambos sexos;258.0;0.0;20.0;40.0;16.0;28.0;22.0;20.0;26.0;14.0;18.0;20.0;20.0;11.0;3.0;0.0;;330;2009-04-01;298;2009-04-01;303;2009-04-01;290;2009-04-01
52.0;2009-05-01;158;-0.0064556962025316455;-4.829113924050633;2009-05-01;Ambos sexos;316.0;0.0;31.0;46.0;30.0;36.0;26.0;15.0;22.0;31.0;22.0;28.0;19.0;8.0;2.0;0.0;;298;2009-05-01;303;2009-05-01;290;2009-05-01;288;2009-05-01
53.0;2009-06-01;139;-0.009784172661870507;-7.913669064748201;2009-06-01;Ambos sexos;321.0;3.0;35.0;46.0;32.0;28.0;28.0;22.0;24.0;18.0;22.0;24.0;20.0;15.0;4.0;0.0;;303;2009-06-01;290;2009-06-01;288;2009-06-01;208;2009-06-01
54.0;2009-07-01;150;-0.012000000000000007;-10.473333333333333;2009-07-01;Ambos sexos;330.0;0.0;41.0;45.0;27.0;33.0;28.0;20.0;22.0;16.0;20.0;25.0;27.0;16.0;8.0;2.0;;290;2009-07-01;288;2009-07-01;208;2009-07-01;270;2009-07-01
55.0;2009-08-01;149;-0.008389261744966445;-7.818791946308725;2009-08-01;Ambos sexos;298.0;2.0;26.0;39.0;28.0;30.0;21.0;23.0;15.0;21.0;32.0;29.0;11.0;17.0;4.0;0.0;;288;2009-08-01;208;2009-08-01;270;2009-08-01;227;2009-08-01
56.0;2009-09-01;171;-0.008713450292397666;-9.865497076023392;2009-09-01;Ambos sexos;303.0;0.0;36.0;47.0;30.0;20.0;16.0;22.0;28.0;20.0;18.0;23.0;24.0;17.0;2.0;0.0;;208;2009-09-01;270;2009-09-01;227;2009-09-01;293;2009-09-01
57.0;2009-10-01;188;-0.00936170212765958;-12.356382978723405;2009-10-01;Ambos sexos;290.0;1.0;28.0;43.0;26.0;29.0;25.0;27.0;18.0;17.0;19.0;28.0;19.0;6.0;3.0;1.0;;270;2009-10-01;227;2009-10-01;293;2009-10-01;289;2009-10-01
58.0;2009-11-01;172;-0.014186046511627913;-16.843023255813954;2009-11-01;Ambos sexos;288.0;0.0;35.0;41.0;33.0;33.0;21.0;20.0;23.0;10.0;14.0;30.0;11.0;11.0;5.0;1.0;;227;2009-11-01;293;2009-11-01;289;2009-11-01;313;2009-11-01
59.0;2009-12-01;200;-0.01594999999999999;-17.35;2009-12-01;Ambos sexos;208.0;1.0;24.0;35.0;21.0;13.0;16.0;14.0;14.0;18.0;12.0;14.0;14.0;11.0;0.0;1.0;;293;2009-12-01;289;2009-12-01;313;2009-12-01;268;2009-12-01
60.0;2010-01-01;167;-0.01173652694610779;-13.826347305389222;2010-01-01;Ambos sexos;270.0;0.0;22.0;34.0;25.0;25.0;34.0;26.0;20.0;23.0;14.0;20.0;11.0;9.0;5.0;2.0;;289;2010-01-01;313;2010-01-01;268;2010-01-01;280;2010-01-01
60.0;2010-01-01;167;-0.01173652694610779;-13.826347305389222;2010-01-01;Ambos sexos;270.0;0.0;22.0;34.0;25.0;25.0;34.0;26.0;20.0;23.0;14.0;20.0;11.0;9.0;5.0;2.0;;313;2010-01-01;313;2010-01-01;268;2010-01-01;280;2010-01-01
62.0;2010-03-01;168;-0.008750000000000003;-8.845238095238095;2010-03-01;Ambos sexos;293.0;0.0;28.0;48.0;33.0;38.0;35.0;18.0;20.0;15.0;14.0;16.0;16.0;9.0;3.0;0.0;;268;2010-03-01;280;2010-03-01;273;2010-03-01;265;2010-03-01
63.0;2010-04-01;177;-0.015310734463276842;-15.457627118644067;2010-04-01;Ambos sexos;289.0;1.0;22.0;44.0;36.0;21.0;32.0;20.0;21.0;21.0;19.0;24.0;13.0;13.0;1.0;1.0;;280;2010-04-01;273;2010-04-01;265;2010-04-01;240;2010-04-01
64.0;2010-05-01;195;-0.0074871794871794895;-5.753846153846154;2010-05-01;Ambos sexos;313.0;1.0;28.0;52.0;24.0;25.0;37.0;31.0;17.0;23.0;19.0;15.0;26.0;11.0;4.0;0.0;;273;2010-05-01;265;2010-05-01;240;2010-05-01;202;2010-05-01
65.0;2010-06-01;221;-0.005520361990950228;-7.97737556561086;2010-06-01;Ambos sexos;268.0;0.0;17.0;33.0;22.0;29.0;22.0;22.0;20.0;19.0;20.0;24.0;16.0;19.0;4.0;1.0;;265;2010-06-01;240;2010-06-01;202;2010-06-01;238;2010-06-01
66.0;2010-07-01;172;-0.0056395348837209305;-3.38953488372093;2010-07-01;Ambos sexos;280.0;0.0;25.0;52.0;32.0;31.0;22.0;20.0;18.0;10.0;19.0;19.0;18.0;11.0;3.0;0.0;;240;2010-07-01;202;2010-07-01;238;2010-07-01;256;2010-07-01
67.0;2010-08-01;147;-0.0061904761904761916;-9.448979591836734;2010-08-01;Ambos sexos;273.0;0.0;26.0;46.0;31.0;22.0;21.0;21.0;17.0;15.0;16.0;23.0;14.0;12.0;7.0;2.0;;202;2010-08-01;238;2010-08-01;256;2010-08-01;243;2010-08-01
68.0;2010-09-01;179;-0.012905027932960889;-12.044692737430168;2010-09-01;Ambos sexos;265.0;0.0;23.0;44.0;33.0;20.0;29.0;15.0;19.0;14.0;14.0;19.0;17.0;12.0;5.0;1.0;;238;2010-09-01;256;2010-09-01;243;2010-09-01;296;2010-09-01
69.0;2010-10-01;181;-0.010441988950276248;-8.513812154696133;2010-10-01;Ambos sexos;240.0;0.0;12.0;33.0;32.0;22.0;23.0;18.0;16.0;15.0;16.0;17.0;19.0;11.0;6.0;0.0;;256;2010-10-01;243;2010-10-01;296;2010-10-01;268;2010-10-01
70.0;2010-11-01;214;-0.0042523364485981315;0.43457943925233644;2010-11-01;Ambos sexos;202.0;1.0;12.0;42.0;22.0;24.0;17.0;13.0;13.0;9.0;8.0;14.0;14.0;9.0;3.0;1.0;;243;2010-11-01;296;2010-11-01;268;2010-11-01;277;2010-11-01
71.0;2010-12-01;229;-0.013275109170305678;-10.663755458515285;2010-12-01;Ambos sexos;238.0;0.0;15.0;40.0;25.0;29.0;20.0;20.0;18.0;16.0;16.0;15.0;12.0;8.0;3.0;1.0;;296;2010-12-01;268;2010-12-01;277;2010-12-01;285;2010-12-01
72.0;2011-01-01;240;-0.012041666666666664;-10.220833333333333;2011-01-01;Ambos sexos;256.0;0.0;10.0;40.0;36.0;18.0;23.0;21.0;16.0;14.0;20.0;27.0;16.0;11.0;2.0;2.0;;268;2011-01-01;277;2011-01-01;285;2011-01-01;263;2011-01-01
72.0;2011-01-01;240;-0.012041666666666664;-10.220833333333333;2011-01-01;Ambos sexos;256.0;0.0;10.0;40.0;36.0;18.0;23.0;21.0;16.0;14.0;20.0;27.0;16.0;11.0;2.0;2.0;;277;2011-01-01;277;2011-01-01;285;2011-01-01;263;2011-01-01
74.0;2011-03-01;146;-0.006164383561643837;-7.287671232876712;2011-03-01;Ambos sexos;296.0;0.0;22.0;45.0;36.0;30.0;30.0;28.0;19.0;18.0;12.0;23.0;23.0;9.0;1.0;0.0;;285;2011-03-01;263;2011-03-01;269;2011-03-01;263;2011-03-01
75.0;2011-04-01;209;-0.010047846889952158;-9.732057416267942;2011-04-01;Ambos sexos;268.0;0.0;18.0;37.0;24.0;32.0;32.0;22.0;12.0;20.0;16.0;19.0;14.0;16.0;5.0;1.0;;263;2011-04-01;269;2011-04-01;263;2011-04-01;259;2011-04-01
76.0;2011-05-01;236;-0.01046610169491526;-10.733050847457626;2011-05-01;Ambos sexos;277.0;0.0;21.0;41.0;34.0;29.0;22.0;20.0;14.0;16.0;23.0;23.0;22.0;7.0;5.0;0.0;;269;2011-05-01;263;2011-05-01;259;2011-05-01;242;2011-05-01
77.0;2011-06-01;157;-0.014840764331210194;-16.29936305732484;2011-06-01;Ambos sexos;285.0;0.0;23.0;46.0;27.0;24.0;25.0;15.0;17.0;17.0;27.0;22.0;26.0;13.0;2.0;1.0;;263;2011-06-01;259;2011-06-01;242;2011-06-01;259;2011-06-01
78.0;2011-07-01;158;-0.005696202531645572;-8.70253164556962;2011-07-01;Ambos sexos;263.0;0.0;20.0;36.0;27.0;28.0;23.0;17.0;25.0;17.0;23.0;18.0;15.0;10.0;3.0;1.0;;259;2011-07-01;242;2011-07-01;259;2011-07-01;285;2011-07-01
79.0;2011-08-01;169;-0.008343195266272195;-10.165680473372781;2011-08-01;Ambos sexos;269.0;1.0;21.0;43.0;25.0;29.0;24.0;25.0;11.0;18.0;14.0;22.0;19.0;12.0;5.0;0.0;;242;2011-08-01;259;2011-08-01;285;2011-08-01;265;2011-08-01
80.0;2011-09-01;148;-0.010202702702702708;-10.513513513513514;2011-09-01;Ambos sexos;263.0;0.0;15.0;47.0;18.0;22.0;29.0;29.0;18.0;19.0;13.0;24.0;13.0;9.0;5.0;2.0;;259;2011-09-01;285;2011-09-01;265;2011-09-01;309;2011-09-01
81.0;2011-10-01;156;-0.009871794871794877;-12.75;2011-10-01;Ambos sexos;259.0;0.0;24.0;40.0;24.0;20.0;25.0;18.0;20.0;16.0;11.0;18.0;21.0;14.0;6.0;2.0;;285;2011-10-01;265;2011-10-01;309;2011-10-01;291;2011-10-01
82.0;2011-11-01;214;-0.011682242990654205;-14.546728971962617;2011-11-01;Ambos sexos;242.0;0.0;21.0;43.0;21.0;22.0;26.0;18.0;11.0;15.0;15.0;23.0;18.0;8.0;1.0;0.0;;265;2011-11-01;309;2011-11-01;291;2011-11-01;324;2011-11-01
83.0;2011-12-01;246;-0.018130081300812975;-21.65447154471545;2011-12-01;Ambos sexos;259.0;1.0;25.0;38.0;39.0;21.0;28.0;15.0;16.0;13.0;14.0;20.0;15.0;10.0;4.0;0.0;;309;2011-12-01;291;2011-12-01;324;2011-12-01;310;2011-12-01
84.0;2012-01-01;231;-0.018571428571428548;-23.571428571428573;2012-01-01;Ambos sexos;285.0;0.0;34.0;41.0;29.0;17.0;32.0;24.0;20.0;11.0;18.0;20.0;21.0;11.0;5.0;2.0;;291;2012-01-01;324;2012-01-01;310;2012-01-01;338;2012-01-01
85.0;2012-02-01;183;-0.011803278688524599;-11.53551912568306;2012-02-01;Ambos sexos;265.0;1.0;36.0;40.0;28.0;24.0;28.0;23.0;18.0;12.0;12.0;18.0;13.0;7.0;4.0;1.0;;324;2012-02-01;310;2012-02-01;338;2012-02-01;312;2012-02-01
86.0;2012-03-01;181;-0.012375690607734809;-15.756906077348066;2012-03-01;Ambos sexos;309.0;1.0;21.0;51.0;34.0;30.0;28.0;32.0;18.0;14.0;17.0;24.0;23.0;13.0;2.0;1.0;;310;2012-03-01;338;2012-03-01;312;2012-03-01;297;2012-03-01
87.0;2012-04-01;212;-0.014764150943396222;-15.028301886792454;2012-04-01;Ambos sexos;291.0;1.0;23.0;50.0;29.0;37.0;22.0;23.0;17.0;13.0;19.0;17.0;20.0;17.0;3.0;0.0;;338;2012-04-01;312;2012-04-01;297;2012-04-01;267;2012-04-01
88.0;2012-05-01;178;-0.010617977528089892;-10.101123595505618;2012-05-01;Ambos sexos;324.0;0.0;26.0;55.0;43.0;33.0;33.0;16.0;20.0;17.0;24.0;20.0;24.0;8.0;4.0;1.0;;312;2012-05-01;297;2012-05-01;267;2012-05-01;250;2012-05-01
89.0;2012-06-01;149;-0.015369127516778538;-14.228187919463087;2012-06-01;Ambos sexos;310.0;0.0;30.0;49.0;29.0;28.0;23.0;32.0;20.0;16.0;14.0;26.0;22.0;13.0;7.0;1.0;;297;2012-06-01;267;2012-06-01;250;2012-06-01;291;2012-06-01
90.0;2012-07-01;141;-0.008865248226950357;-7.98581560283688;2012-07-01;Ambos sexos;338.0;0.0;28.0;48.0;37.0;31.0;27.0;26.0;22.0;25.0;19.0;33.0;24.0;17.0;1.0;0.0;;267;2012-07-01;250;2012-07-01;291;2012-07-01;344;2012-07-01
91.0;2012-08-01;160;-0.005625000000000001;-2.4875;2012-08-01;Ambos sexos;312.0;1.0;27.0;35.0;25.0;27.0;41.0;22.0;18.0;20.0;22.0;23.0;26.0;18.0;7.0;0.0;;250;2012-08-01;291;2012-08-01;344;2012-08-01;289;2012-08-01
92.0;2012-09-01;162;-0.010493827160493832;-9.685185185185185;2012-09-01;Ambos sexos;297.0;0.0;15.0;47.0;30.0;36.0;22.0;28.0;18.0;23.0;22.0;24.0;16.0;10.0;4.0;2.0;;291;2012-09-01;344;2012-09-01;289;2012-09-01;359;2012-09-01
93.0;2012-10-01;199;-0.011708542713567843;-12.07035175879397;2012-10-01;Ambos sexos;267.0;0.0;18.0;42.0;31.0;24.0;29.0;16.0;19.0;15.0;17.0;19.0;23.0;10.0;3.0;1.0;;344;2012-10-01;289;2012-10-01;359;2012-10-01;324;2012-10-01
94.0;2012-11-01;360;-0.009583333333333326;-12.180555555555555;2012-11-01;Ambos sexos;250.0;0.0;22.0;37.0;21.0;16.0;26.0;20.0;22.0;15.0;23.0;15.0;20.0;5.0;6.0;2.0;;289;2012-11-01;359;2012-11-01;324;2012-11-01;335;2012-11-01
95.0;2012-12-01;240;-0.013041666666666668;-17.175;2012-12-01;Ambos sexos;291.0;1.0;25.0;53.0;28.0;37.0;27.0;26.0;18.0;12.0;7.0;29.0;16.0;9.0;2.0;1.0;;359;2012-12-01;324;2012-12-01;335;2012-12-01;363;2012-12-01
96.0;2013-01-01;171;-0.015672514619883036;-13.035087719298245;2013-01-01;Ambos sexos;344.0;2.0;23.0;45.0;30.0;41.0;36.0;29.0;27.0;26.0;28.0;23.0;20.0;12.0;2.0;0.0;;324;2013-01-01;335;2013-01-01;363;2013-01-01;357;2013-01-01
96.0;2013-01-01;171;-0.015672514619883036;-13.035087719298245;2013-01-01;Ambos sexos;344.0;2.0;23.0;45.0;30.0;41.0;36.0;29.0;27.0;26.0;28.0;23.0;20.0;12.0;2.0;0.0;;335;2013-01-01;335;2013-01-01;363;2013-01-01;357;2013-01-01
98.0;2013-03-01;185;-0.011837837837837838;-11.032432432432433;2013-03-01;Ambos sexos;359.0;0.0;23.0;49.0;35.0;45.0;38.0;30.0;32.0;20.0;24.0;26.0;21.0;12.0;2.0;2.0;;363;2013-03-01;357;2013-03-01;308;2013-03-01;345;2013-03-01
99.0;2013-04-01;200;-0.014799999999999995;-17.75;2013-04-01;Ambos sexos;324.0;2.0;27.0;46.0;31.0;36.0;42.0;32.0;26.0;20.0;17.0;21.0;15.0;7.0;2.0;0.0;;357;2013-04-01;308;2013-04-01;345;2013-04-01;301;2013-04-01
100.0;2013-05-01;214;-0.012616822429906544;-11.397196261682243;2013-05-01;Ambos sexos;335.0;0.0;19.0;43.0;36.0;41.0;38.0;31.0;19.0;29.0;24.0;17.0;23.0;11.0;3.0;1.0;;308;2013-05-01;345;2013-05-01;301;2013-05-01;259;2013-05-01
101.0;2013-06-01;219;-0.012694063926940644;-9.529680365296803;2013-06-01;Ambos sexos;363.0;1.0;31.0;45.0;31.0;31.0;42.0;31.0;28.0;20.0;22.0;31.0;24.0;18.0;6.0;2.0;;345;2013-06-01;301;2013-06-01;259;2013-06-01;286;2013-06-01
102.0;2013-07-01;138;-0.010362318840579716;-11.644927536231885;2013-07-01;Ambos sexos;357.0;0.0;26.0;46.0;40.0;41.0;39.0;26.0;29.0;25.0;17.0;22.0;27.0;8.0;9.0;2.0;;301;2013-07-01;259;2013-07-01;286;2013-07-01;339;2013-07-01
103.0;2013-08-01;150;-0.010800000000000006;-15.613333333333333;2013-08-01;Ambos sexos;308.0;2.0;19.0;52.0;27.0;29.0;39.0;24.0;17.0;21.0;17.0;22.0;24.0;11.0;4.0;0.0;;259;2013-08-01;286;2013-08-01;339;2013-08-01;293;2013-08-01
104.0;2013-09-01;172;-0.009593023255813958;-12.284883720930232;2013-09-01;Ambos sexos;345.0;1.0;31.0;51.0;36.0;36.0;35.0;27.0;26.0;20.0;25.0;21.0;20.0;12.0;3.0;1.0;;286;2013-09-01;339;2013-09-01;293;2013-09-01;318;2013-09-01
105.0;2013-10-01;157;-0.011592356687898096;-11.363057324840764;2013-10-01;Ambos sexos;301.0;0.0;27.0;40.0;21.0;25.0;46.0;25.0;14.0;19.0;22.0;22.0;19.0;15.0;5.0;1.0;;339;2013-10-01;293;2013-10-01;318;2013-10-01;338;2013-10-01
106.0;2013-11-01;111;-0.006306306306306308;-9.198198198198199;2013-11-01;Ambos sexos;259.0;1.0;19.0;30.0;26.0;31.0;31.0;23.0;11.0;17.0;16.0;21.0;20.0;11.0;2.0;0.0;;293;2013-11-01;318;2013-11-01;338;2013-11-01;331;2013-11-01
107.0;2013-12-01;122;-0.01057377049180328;-10.049180327868852;2013-12-01;Ambos sexos;286.0;0.0;25.0;37.0;28.0;27.0;34.0;30.0;15.0;21.0;19.0;14.0;23.0;6.0;6.0;1.0;;318;2013-12-01;338;2013-12-01;331;2013-12-01;371;2013-12-01
108.0;2014-01-01;141;-0.013829787234042561;-16.43971631205674;2014-01-01;Ambos sexos;339.0;2.0;32.0;45.0;24.0;34.0;38.0;27.0;25.0;25.0;16.0;23.0;28.0;12.0;6.0;2.0;;338;2014-01-01;331;2014-01-01;371;2014-01-01;342;2014-01-01
108.0;2014-01-01;141;-0.013829787234042561;-16.43971631205674;2014-01-01;Ambos sexos;339.0;2.0;32.0;45.0;24.0;34.0;38.0;27.0;25.0;25.0;16.0;23.0;28.0;12.0;6.0;2.0;;331;2014-01-01;331;2014-01-01;371;2014-01-01;342;2014-01-01
110.0;2014-03-01;218;-0.012752293577981643;-15.224770642201834;2014-03-01;Ambos sexos;318.0;1.0;32.0;39.0;29.0;40.0;39.0;30.0;19.0;17.0;13.0;23.0;15.0;16.0;5.0;0.0;;371;2014-03-01;342;2014-03-01;354;2014-03-01;334;2014-03-01
111.0;2014-04-01;155;-0.01225806451612904;-13.587096774193549;2014-04-01;Ambos sexos;338.0;3.0;30.0;40.0;27.0;33.0;30.0;20.0;32.0;27.0;27.0;17.0;22.0;19.0;10.0;1.0;;342;2014-04-01;354;2014-04-01;334;2014-04-01;332;2014-04-01
112.0;2014-05-01;192;-0.014218749999999995;-18.786458333333332;2014-05-01;Ambos sexos;331.0;1.0;25.0;46.0;33.0;38.0;36.0;27.0;17.0;23.0;19.0;24.0;19.0;17.0;5.0;1.0;;354;2014-05-01;334;2014-05-01;332;2014-05-01;283;2014-05-01
113.0;2014-06-01;183;-0.009890710382513667;-12.53551912568306;2014-06-01;Ambos sexos;371.0;1.0;28.0;54.0;43.0;42.0;38.0;27.0;26.0;32.0;18.0;24.0;16.0;18.0;4.0;0.0;;334;2014-06-01;332;2014-06-01;283;2014-06-01;275;2014-06-01
114.0;2014-07-01;160;-0.007437500000000002;-5.55625;2014-07-01;Ambos sexos;342.0;1.0;25.0;30.0;34.0;41.0;49.0;29.0;26.0;19.0;22.0;27.0;16.0;14.0;9.0;0.0;;332;2014-07-01;283;2014-07-01;275;2014-07-01;276;2014-07-01
115.0;2014-08-01;219;-0.017168949771689486;-17.264840182648403;2014-08-01;Ambos sexos;354.0;0.0;28.0;43.0;32.0;47.0;49.0;28.0;23.0;19.0;21.0;18.0;18.0;21.0;5.0;2.0;;283;2014-08-01;275;2014-08-01;276;2014-08-01;270;2014-08-01
116.0;2014-09-01;170;-0.015176470588235286;-14.047058823529412;2014-09-01;Ambos sexos;334.0;0.0;31.0;41.0;34.0;40.0;42.0;17.0;21.0;17.0;19.0;20.0;29.0;17.0;6.0;0.0;;275;2014-09-01;276;2014-09-01;270;2014-09-01;367;2014-09-01
117.0;2014-10-01;164;-0.010487804878048786;-14.25;2014-10-01;Ambos sexos;332.0;1.0;18.0;37.0;37.0;46.0;33.0;24.0;28.0;23.0;26.0;21.0;14.0;13.0;9.0;2.0;;276;2014-10-01;270;2014-10-01;367;2014-10-01;287;2014-10-01
118.0;2014-11-01;178;-0.014213483146067405;-19.146067415730336;2014-11-01;Ambos sexos;283.0;0.0;23.0;37.0;37.0;32.0;25.0;24.0;24.0;15.0;13.0;16.0;18.0;17.0;2.0;0.0;;270;2014-11-01;367;2014-11-01;287;2014-11-01;331;2014-11-01
119.0;2014-12-01;168;-0.016785714285714275;-24.613095238095237;2014-12-01;Ambos sexos;275.0;0.0;23.0;45.0;28.0;30.0;31.0;26.0;16.0;13.0;12.0;19.0;15.0;12.0;5.0;0.0;;367;2014-12-01;287;2014-12-01;331;2014-12-01;308;2014-12-01
120.0;2015-01-01;192;-0.008437500000000006;-11.625;2015-01-01;Ambos sexos;276.0;2.0;16.0;29.0;26.0;26.0;28.0;32.0;16.0;18.0;21.0;16.0;29.0;8.0;7.0;2.0;;287;2015-01-01;331;2015-01-01;308;2015-01-01;359;2015-01-01
120.0;2015-01-01;192;-0.008437500000000006;-11.625;2015-01-01;Ambos sexos;276.0;2.0;16.0;29.0;26.0;26.0;28.0;32.0;16.0;18.0;21.0;16.0;29.0;8.0;7.0;2.0;;331;2015-01-01;331;2015-01-01;308;2015-01-01;359;2015-01-01
122.0;2015-03-01;219;-0.011917808219178082;-16.49771689497717;2015-03-01;Ambos sexos;367.0;0.0;30.0;57.0;34.0;38.0;30.0;45.0;19.0;24.0;22.0;15.0;31.0;16.0;6.0;0.0;;308;2015-03-01;359;2015-03-01;312;2015-03-01;295;2015-03-01
123.0;2015-04-01;209;-0.012153110047846895;-14.511961722488039;2015-04-01;Ambos sexos;287.0;1.0;23.0;30.0;30.0;37.0;29.0;25.0;18.0;19.0;20.0;24.0;17.0;11.0;2.0;1.0;;359;2015-04-01;312;2015-04-01;295;2015-04-01;274;2015-04-01
124.0;2015-05-01;215;-0.01186046511627907;-13.651162790697674;2015-05-01;Ambos sexos;331.0;2.0;27.0;37.0;29.0;33.0;34.0;35.0;25.0;29.0;18.0;18.0;13.0;21.0;9.0;1.0;;312;2015-05-01;295;2015-05-01;274;2015-05-01;235;2015-05-01
125.0;2015-06-01;172;-0.007441860465116282;-5.755813953488372;2015-06-01;Ambos sexos;308.0;0.0;21.0;49.0;32.0;37.0;27.0;23.0;16.0;20.0;18.0;22.0;25.0;9.0;9.0;0.0;;295;2015-06-01;274;2015-06-01;235;2015-06-01;288;2015-06-01
126.0;2015-07-01;219;-0.012785388127853878;-11.036529680365296;2015-07-01;Ambos sexos;359.0;0.0;31.0;31.0;39.0;40.0;32.0;31.0;25.0;25.0;15.0;30.0;28.0;20.0;11.0;1.0;;274;2015-07-01;235;2015-07-01;288;2015-07-01;301;2015-07-01
127.0;2015-08-01;293;-0.023139931740614336;-34.1160409556314;2015-08-01;Ambos sexos;312.0;1.0;16.0;46.0;29.0;29.0;40.0;20.0;28.0;17.0;22.0;19.0;24.0;15.0;4.0;2.0;;235;2015-08-01;288;2015-08-01;301;2015-08-01;283;2015-08-01
128.0;2015-09-01;150;-0.00786666666666667;-13.113333333333333;2015-09-01;Ambos sexos;295.0;0.0;35.0;36.0;28.0;38.0;30.0;27.0;25.0;9.0;8.0;23.0;21.0;14.0;1.0;0.0;;288;2015-09-01;301;2015-09-01;283;2015-09-01;289;2015-09-01
129.0;2015-10-01;217;-0.011198156682027647;-16.179723502304146;2015-10-01;Ambos sexos;274.0;1.0;29.0;27.0;39.0;23.0;35.0;19.0;22.0;13.0;13.0;19.0;19.0;8.0;4.0;3.0;;301;2015-10-01;283;2015-10-01;289;2015-10-01;292;2015-10-01
130.0;2015-11-01;160;-0.013937500000000002;-19.78125;2015-11-01;Ambos sexos;235.0;0.0;23.0;27.0;19.0;25.0;27.0;18.0;15.0;18.0;14.0;19.0;16.0;12.0;2.0;0.0;;283;2015-11-01;289;2015-11-01;292;2015-11-01;320;2015-11-01
131.0;2015-12-01;163;-0.007300613496932516;-9.036809815950921;2015-12-01;Ambos sexos;288.0;1.0;17.0;32.0;31.0;31.0;36.0;29.0;28.0;19.0;20.0;17.0;14.0;11.0;2.0;0.0;;289;2015-12-01;292;2015-12-01;320;2015-12-01;328;2015-12-01
132.0;2016-01-01;212;-0.014811320754716976;-15.915094339622641;2016-01-01;Ambos sexos;301.0;1.0;25.0;41.0;33.0;28.0;29.0;28.0;20.0;24.0;13.0;19.0;19.0;14.0;6.0;1.0;;292;2016-01-01;320;2016-01-01;328;2016-01-01;311;2016-01-01
133.0;2016-02-01;171;-0.01426900584795321;-15.210526315789474;2016-02-01;Ambos sexos;283.0;1.0;16.0;30.0;28.0;32.0;30.0;28.0;24.0;21.0;19.0;24.0;13.0;10.0;6.0;1.0;;320;2016-02-01;328;2016-02-01;311;2016-02-01;321;2016-02-01
134.0;2016-03-01;240;-0.004916666666666669;2.9458333333333333;2016-03-01;Ambos sexos;289.0;2.0;24.0;34.0;27.0;37.0;32.0;22.0;23.0;25.0;18.0;18.0;16.0;5.0;5.0;1.0;;328;2016-03-01;311;2016-03-01;321;2016-03-01;311;2016-03-01
135.0;2016-04-01;191;-0.011832460732984294;-6.534031413612565;2016-04-01;Ambos sexos;292.0;0.0;13.0;48.0;36.0;24.0;36.0;15.0;29.0;21.0;12.0;19.0;22.0;10.0;7.0;0.0;;311;2016-04-01;321;2016-04-01;311;2016-04-01;269;2016-04-01
136.0;2016-05-01;194;-0.006082474226804127;-4.695876288659794;2016-05-01;Ambos sexos;320.0;1.0;20.0;36.0;35.0;25.0;41.0;25.0;25.0;29.0;18.0;22.0;22.0;12.0;6.0;3.0;;321;2016-05-01;311;2016-05-01;269;2016-05-01;251;2016-05-01
137.0;2016-06-01;167;-0.010658682634730545;-10.580838323353293;2016-06-01;Ambos sexos;328.0;1.0;23.0;42.0;38.0;29.0;36.0;33.0;22.0;23.0;24.0;23.0;17.0;13.0;4.0;0.0;;311;2016-06-01;269;2016-06-01;251;2016-06-01;293;2016-06-01
138.0;2016-07-01;208;-0.007980769230769234;-12.149038461538462;2016-07-01;Ambos sexos;311.0;3.0;23.0;36.0;25.0;35.0;23.0;31.0;22.0;23.0;14.0;31.0;27.0;8.0;7.0;3.0;;269;2016-07-01;251;2016-07-01;293;2016-07-01;279;2016-07-01
139.0;2016-08-01;234;-0.010299145299145294;-13.025641025641026;2016-08-01;Ambos sexos;321.0;0.0;20.0;41.0;28.0;22.0;38.0;30.0;26.0;21.0;26.0;19.0;27.0;15.0;6.0;2.0;;251;2016-08-01;293;2016-08-01;279;2016-08-01;297;2016-08-01
140.0;2016-09-01;235;-0.011021276595744665;-19.693617021276594;2016-09-01;Ambos sexos;311.0;0.0;22.0;47.0;21.0;25.0;28.0;37.0;28.0;24.0;14.0;23.0;17.0;12.0;11.0;2.0;;293;2016-09-01;279;2016-09-01;297;2016-09-01;310;2016-09-01
141.0;2016-10-01;234;-0.010512820512820516;-15.239316239316238;2016-10-01;Ambos sexos;269.0;1.0;22.0;26.0;30.0;24.0;36.0;28.0;14.0;16.0;21.0;16.0;16.0;11.0;7.0;1.0;;279;2016-10-01;297;2016-10-01;310;2016-10-01;300;2016-10-01
142.0;2016-11-01;151;-0.015033112582781463;-17.973509933774835;2016-11-01;Ambos sexos;251.0;1.0;17.0;36.0;28.0;31.0;24.0;23.0;18.0;14.0;10.0;6.0;20.0;17.0;6.0;0.0;;297;2016-11-01;310;2016-11-01;300;2016-11-01;319;2016-11-01
143.0;2016-12-01;168;-0.01577380952380952;-12.148809523809524;2016-12-01;Ambos sexos;293.0;1.0;22.0;39.0;26.0;37.0;24.0;23.0;19.0;22.0;23.0;16.0;15.0;16.0;8.0;2.0;;310;2016-12-01;300;2016-12-01;319;2016-12-01;328;2016-12-01
144.0;2017-01-01;205;-0.013268292682926825;-17.87317073170732;2017-01-01;Ambos sexos;279.0;1.0;24.0;34.0;22.0;22.0;33.0;32.0;22.0;18.0;19.0;12.0;17.0;12.0;10.0;1.0;;300;2017-01-01;319;2017-01-01;328;2017-01-01;348;2017-01-01
144.0;2017-01-01;205;-0.013268292682926825;-17.87317073170732;2017-01-01;Ambos sexos;279.0;1.0;24.0;34.0;22.0;22.0;33.0;32.0;22.0;18.0;19.0;12.0;17.0;12.0;10.0;1.0;;319;2017-01-01;319;2017-01-01;328;2017-01-01;348;2017-01-01
146.0;2017-03-01;190;-0.014315789473684205;-16.878947368421052;2017-03-01;Ambos sexos;310.0;3.0;18.0;41.0;26.0;30.0;45.0;24.0;25.0;21.0;17.0;18.0;25.0;12.0;3.0;2.0;;328;2017-03-01;348;2017-03-01;337;2017-03-01;307;2017-03-01
147.0;2017-04-01;198;-0.016717171717171703;-17.02020202020202;2017-04-01;Ambos sexos;300.0;1.0;17.0;34.0;38.0;39.0;27.0;20.0;20.0;13.0;24.0;23.0;26.0;15.0;3.0;0.0;;348;2017-04-01;337;2017-04-01;307;2017-04-01;346;2017-04-01
148.0;2017-05-01;242;-0.007644628099173557;-3.9214876033057853;2017-05-01;Ambos sexos;319.0;1.0;20.0;39.0;24.0;40.0;44.0;31.0;25.0;19.0;17.0;18.0;24.0;11.0;4.0;2.0;;337;2017-05-01;307;2017-05-01;346;2017-05-01;267;2017-05-01
149.0;2017-06-01;147;-0.013945578231292522;-14.312925170068027;2017-06-01;Ambos sexos;328.0;1.0;23.0;39.0;29.0;35.0;40.0;23.0;23.0;21.0;21.0;16.0;32.0;14.0;10.0;1.0;;307;2017-06-01;346;2017-06-01;267;2017-06-01;241;2017-06-01
